SiteId,SiteName,PageUrl,ExternalDomain
19JMNQ5kCG9VAAaWjrW65uH_G5--5r3un,Roche Corp Migration Test Site,https://sites.google.com/d/19JMNQ5kCG9VAAaWjrW65uH_G5--5r3un/edit,accounts.google.com
19JMNQ5kCG9VAAaWjrW65uH_G5--5r3un,Roche Corp Migration Test Site,https://sites.google.com/d/19JMNQ5kCG9VAAaWjrW65uH_G5--5r3un/edit,
19JMNQ5kCG9VAAaWjrW65uH_G5--5r3un,Roche Corp Migration Test Site,https://sites.google.com/d/19JMNQ5kCG9VAAaWjrW65uH_G5--5r3un/edit,fonts.gstatic.com
19JMNQ5kCG9VAAaWjrW65uH_G5--5r3un,Roche Corp Migration Test Site,https://sites.google.com/d/19JMNQ5kCG9VAAaWjrW65uH_G5--5r3un/edit,lh3.google.com
1NjuZKIVbHZ1Eu10zCTi2JtvM0kjkKf2N,Narendra,https://sites.google.com/d/1NjuZKIVbHZ1Eu10zCTi2JtvM0kjkKf2N/edit,accounts.google.com
1NjuZKIVbHZ1Eu10zCTi2JtvM0kjkKf2N,Narendra,https://sites.google.com/d/1NjuZKIVbHZ1Eu10zCTi2JtvM0kjkKf2N/edit,www.google.com
1NjuZKIVbHZ1Eu10zCTi2JtvM0kjkKf2N,Narendra,https://sites.google.com/d/1NjuZKIVbHZ1Eu10zCTi2JtvM0kjkKf2N/edit,www.gstatic.com
1NjuZKIVbHZ1Eu10zCTi2JtvM0kjkKf2N,Narendra,https://sites.google.com/d/1NjuZKIVbHZ1Eu10zCTi2JtvM0kjkKf2N/edit,
1NjuZKIVbHZ1Eu10zCTi2JtvM0kjkKf2N,Narendra,https://sites.google.com/d/1NjuZKIVbHZ1Eu10zCTi2JtvM0kjkKf2N/edit,fonts.gstatic.com
1NjuZKIVbHZ1Eu10zCTi2JtvM0kjkKf2N,Narendra,https://sites.google.com/d/1NjuZKIVbHZ1Eu10zCTi2JtvM0kjkKf2N/edit,lh3.google.com
1NjuZKIVbHZ1Eu10zCTi2JtvM0kjkKf2N,Narendra,https://sites.google.com/d/1NjuZKIVbHZ1Eu10zCTi2JtvM0kjkKf2N/edit,ssl.gstatic.com
1mgU_62TMyFa0NbrGUp0PJnCNLpUnU7NQ,Portal,https://sites.google.com/d/1mgU_62TMyFa0NbrGUp0PJnCNLpUnU7NQ/edit,www.google.com
1gYoSaEOs_JYhx1rYWJ-3NcqScLVvFt3u,Project,https://sites.google.com/d/1gYoSaEOs_JYhx1rYWJ-3NcqScLVvFt3u/edit,www.google.com
