Timestamp,Method,Url,ResourceType
2026-05-19T09:13:15.032Z,GET,https://www.gstatic.com/_/atari/_/ss/k=atari.ed.n0coxWIyZA8.L.W.O/am=CCDAAcA/d=1/rs=AGEqA5kR3kOLt395cBlJPjwXjwl3H5yPdA,stylesheet
2026-05-19T09:13:15.038Z,GET,https://fonts.gstatic.com/s/i/productlogos/sites_2020q4/v3/web-48dp/logo_sites_2020q4_color_2x_web_48dp.png,image
2026-05-19T09:13:15.064Z,GET,"https://fonts.googleapis.com/css?family=Material+Icons+Extended|Google+Material+Icons|Google+Sans:400,500,700|Roboto:100,300,400,500|Roboto+Condensed|Open+Sans:300,400,600,700,800|Lato:400,300,300italic,400italic,700,700italic|Source+Code+Pro:400,700",stylesheet
2026-05-19T09:13:15.065Z,GET,https://fonts.googleapis.com/css?family=Lato%3A300%2C300italic%2C400%2C400italic%2C700%2C700italic&display=swap,stylesheet
2026-05-19T09:13:15.082Z,GET,https://lh3.google.com/u/0/ogw/AF2bZyh3kXEgxcdf__M9zOGO1Q8ATciUAwZiJl4GTfhRm8L2BA=s32-c-mo,image
2026-05-19T09:13:15.086Z,GET,https://apis.google.com/js/client.js?onload=gapiLoaded,script
2026-05-19T09:13:15.119Z,GET,https://fonts.gstatic.com/s/i/googlematerialicons/drive/v14/gm_grey-24dp/1x/gm_drive_gm_grey_24dp.png,image
2026-05-19T09:13:15.229Z,GET,https://fonts.gstatic.com/s/lato/v25/S6u_w4BMUTPHjxsI9w2PGQ.woff2,font
2026-05-19T09:13:15.231Z,GET,https://lh3.googleusercontent.com/rd-ogw/AF2bZyhkBr0YxxM5HAFaNTiyk11Umcmw_aLU3-Gv_sujlGQ7fb5oD45gzGcqSOgGYuvbizg6u6Z2s2v6NQ6-4UIWbMmL42SUwEFMIoC6vKb-ClrM8qP-GIxsfQhXgIJyYGwj-eBrZp1W9oW6WKq03hmCgVLSuK8b6RzMWzDs7xAwgCjeI_EXFRKy0CgRh4Vv-m2xsvUF9DcnN7AndZ3-tMzqVlAakQlv7nuFSifx9jSvI91v7D2IIsW3UawnwXFkD1m9z_jCG711cjdzXd4L9Y-uJNLxh4-8pxxYbb_5VwyqO9Ya-gakgqD_q0wF6AF8rkoNa5CK8P3XkMTi227Wjh03KQ3YfHAjFQ7zF8_S7Svr7nWxq_nWruckTYn-XdJiwAcnp46xVH60UqLEMsmqqsXOkTMzmvTObmw_DRzahFrZTx2uqfIVGevtZfBYB1e8Y3F-1PI6YqtJv4JUOo-QrYJnwIIPtm7dv6miXO6MwQJ2UhqYURNdoQiFEDdBN2vVQgEgK4FFklWpiltC5-jEozmo6kxUDyxY8RnHSMwLcOIouVrYdlqhc2GHX4eCoJNh0CQ0N9HAqkv-dxRtZDVvx9S5iB6C6L7QN7I7ghrVVXabWF2z-xPalGHOaZ9ol5pxVyFtvzn2tRPTtvXnQdDvaspDmkgjx2_yF5ruQDT0WsUwUJIEO2kbTS92PubHmUaoU7lDSlO2wUu7C1C39xO2UZm0-aYz_iP5udUya-p_cNCicyyjoKn9ekrv8aErAWqMLx6DmjBevu9MFS0G0bquhcLc15d6kJgzQvqeuDKnOFdccdJCa5KMhGIqRCnoDCZ_7jNUIWp8cN-vxetow05hRGwiQ1z_k_U1Qy7VKRVDLKtKxlFwe6ocrXa7tuxpjsbK0qmwOx5ULNYNFGi5bhEBfSFCcxHpxDQLBQ755OK4cnpRpuUikaSRioYc3fJG0f-8upCsTuQ01APBG_U4DnYE1RZGRnw84L13VhCvzx0hIy-UjxQP5GwEwn4nvr7O-WcRUVsgHb-1TAeeRXBtk4pVDg=s32-c,image
2026-05-19T09:13:15.231Z,GET,https://fonts.gstatic.com/s/sourcecodepro/v31/HI_diYsKILxRpg3hIP6sJ7fM7PqPMcMnZFqUwX28DMyQhMs.woff2,font
2026-05-19T09:13:15.231Z,GET,https://fonts.gstatic.com/s/lato/v25/S6u_w4BMUTPHjxsI5wqPGQ.woff2,font
2026-05-19T09:13:15.238Z,GET,https://fonts.gstatic.com/s/lato/v25/S6u9w4BMUTPHh6UVewo.woff2,font
2026-05-19T09:13:15.240Z,GET,https://fonts.gstatic.com/s/lato/v25/S6u8w4BMUTPHjxswXg.woff2,font
2026-05-19T09:13:15.240Z,GET,https://fonts.gstatic.com/s/lato/v25/S6uyw4BMUTPHvxw.woff2,font
2026-05-19T09:13:15.241Z,GET,https://fonts.gstatic.com/s/sourcecodepro/v31/HI_jiYsKILxRpg3hIP6sJ7fM7PqlOPHYvDP_W9O7GQTTi4prTA.woff2,font
2026-05-19T09:13:15.241Z,GET,https://fonts.gstatic.com/s/lato/v25/S6u9w4BMUTPHh7USewo.woff2,font
2026-05-19T09:13:15.241Z,GET,https://sites.google.com/d/19JMNQ5kCG9VAAaWjrW65uH_G5--5r3un/edit,document
2026-05-19T09:13:15.242Z,GET,https://apis.google.com/_/scs/abc-static/_/js/k=gapi.lb.en.ch0Jz-JlMrQ.O/m=client/rt=j/sv=1/d=1/ed=1/rs=AHpOoo_YD4KoV8fTh_kLhktsiThAm3yJ5A/cb=gapi.loaded_0?le=scs,script
2026-05-19T09:13:15.242Z,GET,https://fonts.gstatic.com/s/sourcecodepro/v31/HI_jiYsKILxRpg3hIP6sJ7fM7PqlOPHYvDP_W9O7GQTTbI1rTA.woff2,font
2026-05-19T09:13:15.269Z,GET,https://fonts.gstatic.com/s/sourcecodepro/v31/HI_diYsKILxRpg3hIP6sJ7fM7PqPMcMnZFqUwX28DCuXhMs.woff2,font
2026-05-19T09:13:15.368Z,GET,https://fonts.gstatic.com/s/googlesans/v67/4UasrENHsxJlGDuGo1OIlJfC6l_24rlCK1Yo_Iqcsih3SAyH6cAwhX9RPjIUvQ.woff2,font
2026-05-19T09:13:15.370Z,GET,https://fonts.gstatic.com/s/roboto/v51/KFO7CnqEu92Fr1ME7kSn66aGLdTylUAMa3yUBA.woff2,font
2026-05-19T09:13:15.370Z,GET,https://fonts.gstatic.com/s/materialiconsextended/v154/kJEjBvgX7BgnkSrUwT8UnLVc38YydejYY-oE_LvJ.woff2,font
2026-05-19T09:13:15.371Z,GET,https://fonts.gstatic.com/s/lato/v25/S6u9w4BMUTPHh7USSwiPGQ.woff2,font
2026-05-19T09:13:15.371Z,GET,https://fonts.gstatic.com/s/lato/v25/S6uyw4BMUTPHjx4wXg.woff2,font
2026-05-19T09:13:15.413Z,GET,https://ssl.gstatic.com/atari/images/simple-header-blended.png,image
2026-05-19T09:13:15.446Z,GET,"https://www.gstatic.com/_/atari/_/js/k=atari.ed.en.GSOzXGrC-mw.O/am=CCDAAcA/d=1/rs=AGEqA5n28l8xPqKGPG90UOjPIEdu5U9UQA/m=e,aa",script
2026-05-19T09:13:15.746Z,GET,"https://apis.google.com/_/scs/abc-static/_/js/k=gapi.lb.en.ch0Jz-JlMrQ.O/m=gapi_rpc/exm=client/rt=j/sv=1/d=1/ed=1/rs=AHpOoo_YD4KoV8fTh_kLhktsiThAm3yJ5A/cb=gapi.loaded_1?le=scs,fedcm_migration_mod",script
2026-05-19T09:13:15.748Z,GET,"https://www.gstatic.com/_/atari/_/js/k=atari.ed.en.GSOzXGrC-mw.O/am=CCDAAcA/d=0/rs=AGEqA5n28l8xPqKGPG90UOjPIEdu5U9UQA/m=sy54,VZCf0c",script
2026-05-19T09:13:15.749Z,GET,"https://www.gstatic.com/_/atari/_/js/k=atari.ed.en.GSOzXGrC-mw.O/am=CCDAAcA/d=0/rs=AGEqA5n28l8xPqKGPG90UOjPIEdu5U9UQA/m=sy6i,G1H3Pe,aSe99c,fbXBnf,psbnX,sy50,sy6u,sy6q,sy6w,sy6p,sy6x,oNFsLb,sy6o,sy6r,qEW1W,Fe0GBd,syga,of4Efe",script
2026-05-19T09:13:15.749Z,GET,https://www.gstatic.com/_/atari/_/js/k=atari.ed.en.GSOzXGrC-mw.O/am=CCDAAcA/d=0/rs=AGEqA5n28l8xPqKGPG90UOjPIEdu5U9UQA/m=vVEdxc,script
2026-05-19T09:13:15.762Z,GET,"https://www.gstatic.com/_/atari/_/js/k=atari.ed.en.GSOzXGrC-mw.O/am=CCDAAcA/d=0/rs=AGEqA5n28l8xPqKGPG90UOjPIEdu5U9UQA/m=sy6,ws9Tlc,cEt90b,sy2,sy3,sy4,L1AAkb,sy16,sy2t,sy2s,sy2r,sy3q,qTnoBf,NJ1rfe,sy2h,mzzZzc,sy44,sy45,rCcCxc,sy4a,gJzDyc,sy8,sy9,sy7,sya,syc,sy11,m9oV,syb,syd,sye,sy12,syg,RAnnUd,i5dxUd,syf,syn,sy13,syh,IiC5yd,uu7UOe,DFTXbf,sy42,vvMGie,syw,ogVNrd,Jnyqrc,sy43,sy46,sy47,ZakeSe,sy4b,LeniHc",script
2026-05-19T09:13:15.763Z,GET,"https://www.gstatic.com/_/atari/_/js/k=atari.ed.en.GSOzXGrC-mw.O/am=CCDAAcA/d=0/rs=AGEqA5n28l8xPqKGPG90UOjPIEdu5U9UQA/m=sy197,KUM7Z,syex,syev,syew,syey,xVwbDc,syrz,sys0,sy10v,sys1,sylv,syqz,syrt,sys2,syvx,sy10w,sy10u,syr2,sy10s,eKZO4d,Dm3Ahe,sy194,yxTchf,sy195,sy196,xQtZb,Pi8o1b,R09Z9,rigeXb,qddgKe,sy193,SM1lmd,g1vXtf,TGYpv,sygc,sygz,syn7,ULH0Lb,cL3UIc,syfw,Wv7DDd,sy11i,eBAeSb,sy13y,gyihXb",script
2026-05-19T09:13:15.763Z,GET,"https://www.gstatic.com/_/atari/_/js/k=atari.ed.en.GSOzXGrC-mw.O/am=CCDAAcA/d=0/rs=AGEqA5n28l8xPqKGPG90UOjPIEdu5U9UQA/m=MpJwZc,n73qwf,syi,syj,syk,sy1d,sy1f,sy1g,A4UTCb,aW3pY,RyvaUb,sy18,sy19,owcnme,sy1a,sy1b,sy1c,O6y8ed,sy2j,CHCSlb,sy1i,sy1h,sy1j,sy1k,sy1m,sy1l,sy1n,VXdfxd,V3dDOb,sy1e,ENNBBf,sy20,sy23,sy24,sy2i,yf2Bs,sy32,sy33,fmklff,N5Lqpc,syl,syu,etBPYb,i5H9N,SU9Rsf,sym,syo,syp,syq,syr,sys,syt,syv,PHUIyb,qNG0Fc,syx,syz,sy10,sy1q,sy21,sy27,sy1o,sy2c,ywOR5c,sy14,sy15,sy17,sy1p,sy1r,sy22,sy26,sy29,sy28,sy2a,sy2b,sy2d,wg1P6b,pxq3x,EcW08c,sy25,sy2e,sy2f,sy2g,t8tqF,sy35,sy36,sy38,sy37,sy39,sy34,RRzQxe,Hz65nc,Qn6cnd",script
2026-05-19T09:13:15.813Z,GET,https://ssl.gstatic.com/atari/images/offline.png,image
2026-05-19T09:13:15.815Z,GET,https://ssl.gstatic.com/docs/common/cleardot.gif?zx=djycv34ar5bs,image
2026-05-19T09:13:15.838Z,GET,"https://www.gstatic.com/_/atari/_/js/k=atari.ed.en.GSOzXGrC-mw.O/am=CCDAAcA/d=0/rs=AGEqA5n28l8xPqKGPG90UOjPIEdu5U9UQA/m=YXyON,pEVFvf",script
2026-05-19T09:13:15.855Z,GET,https://www.gstatic.com/_/atari/_/js/k=atari.ed.en.GSOzXGrC-mw.O/am=CCDAAcA/d=0/rs=AGEqA5n28l8xPqKGPG90UOjPIEdu5U9UQA/m=D0FKFe,script
2026-05-19T09:13:15.857Z,GET,"https://www.gstatic.com/og/_/ss/k=og.asy.qTEY_z2UXCE.L.W.O/m=ll_bdm,ll_tdm,adcgm3,ll_fw/excm=/d=1/ed=1/ct=zgms/rs=AA2YrTury5veB1jx36YPkkzg_ToggO1ScA",stylesheet
2026-05-19T09:13:15.865Z,GET,"https://www.gstatic.com/_/atari/_/js/k=atari.ed.en.GSOzXGrC-mw.O/am=CCDAAcA/d=0/rs=AGEqA5n28l8xPqKGPG90UOjPIEdu5U9UQA/m=sykv,syl8,sykw,syla,symm,sykk,TjQiFd,NWYSvd,VDyLye,syku,symk,JwUZfc,Jhj80b,UAZdJd,symr,iyamkb,nfD7d,Ug5LZd,symq,syn4,yZUqhf,syn3,x0QGj,syzc,zPVmGf,jHrw6b,synq,synh,syno,sypf,synx,synw,syot,sypg,syoo,syos,synp,syph,syny,syop,syo4,syod,synm,syom,syon,synz,syof,syol,syoq,syov,synu,synv,syo6,syni,synk,synn,syoi,syoj,syns,syok,syor,syou,syow,syoy,synt,syo3,syp2,syp6,syp7,synr,sypl,sypm,syoe,syog,syoh,synl,syox,syo5,syp4,syp5,syp3,sypc,sypa,sypk,sypn,synj,syo2,syo8,syo7,syo9,syoa,sypi,sypj,sypb,sypo,sypp,sypq,sypr,syps,sypd,syob,syo1,syoz,syp0,syp1,sype,sypu,syo0,sypt,eHSQ1b,sytb,vMz2j,PykXRc,wUfuDc,WRX7Cb,syjp,QlTpJf,syug,syuk,syum,syup,syuo,syuj,syv2,syuu,syuw,syv3,syv4,syv6,syuc,syus,syut,syuy,syue,syuz,syv1,syuv,syv7,syv5,syv8,syun,syuf,syux,syui,syvl,syu9,syul,syv0,syva,syu2,sysc,sysd,sysf,sysh,sysj,syud,sytv,syua,sytz,syuh,syuq,syur,syv9,syvg,syvh,syvy,syvz,syw0,syw2,syu3,sysi,syvm,syvk,sytx,syu0,syu1,syu4,syvb,syvc,syu6,YYmHzb,sysg,sysl,sysm,syso,syse,sysx,syx9,syvd,syty,KTZF7d,sywe,sysk,sysr,syt1,syy1,syy3,syyf,syyg,syxa,syxb,syxx,sytw,syu8,syve,syvf,syvj,sywa,sywb,sywc,syub,sywd,syvt,syvr,syvs,sywm,sywo,sysb,syss,syst,syy4,syy5,syyd,syy8,syy6,syya,syyb,syye,syyh,syxc,syxg,syr0,syx6,syxy,syxo,syu5,syvq,sywl,sywn,sywp,syy2,syy7,syyc,sywz,syx1,syxd,syxe,syxf,syxh,syxi,syx5,syxj,syxk,syxl,syxm,syxn,syxp,syxq,syxr,sytd,wC499,syvi,syvo,sywj,sywk,sywx,syww,syx0,sysp,syy9,syyi,syyj,sywy,syx7,syxs,syxu,syxt,syxv,syxw,syxz,syy0,DTqLad,NEF5Ff,sywu,sywv,syx2,syx3,syx8,t8Uszd,Vjf3z",script
2026-05-19T09:13:15.869Z,GET,"https://www.gstatic.com/_/atari/_/js/k=atari.ed.en.GSOzXGrC-mw.O/am=CCDAAcA/d=0/rs=AGEqA5n28l8xPqKGPG90UOjPIEdu5U9UQA/m=sy3z,lotrqd,sy6z,sy6y,XOQYwb,QqiHSe,L0nLod,J6OSMd,nTZgK,syqm,dtT8pd,syql,syqn,P8eaqc,e2jnoe,hgI40b,a327wf,S7cYue,syq7,qRyLof,A0LFVc,soHxf,NSUVMc,sy11e,mXE7Yb,a2FcF,ErY4Oe,syqy,Z05xpe,WVI0Db,sy11b,sy11s,sy11v,sy125,sy12e,sy12g,sy11c,sy11r,sy11t,sy128,sy12f,sy12d,sy12i,sy12b,sy11h,sy129,sy11g,sy13w,bsFOnf,syqo,sy109,sy10a,sy10c,sy108,sy106,sy10b,sy10h,sy10k,sy10j,U53M4e,ch2rgb,qO5oyb,LGxiwe,wDMUGb,syrl,syzi,syzj,R6HXdb,Hqpy5b,qlRUQ,ZcrXCe,NhPth,syry,sys3,i14ksb,qphtVb,x5X1Ge,YNA1Tb,syzo,syzl,syrm,syzk,syzm,syzn,syzq,syzr,BH3Ngf,ZTPZPd,sys8,sys9,syyw,sy120,sysn,sy11k,sy140,sy14y,sy14z,sy150,sy14u,sy144,sysz,sy152,sy14e,sy14t,sy149,syyx,sy11w,sy14s,syyq,sy11z,sy12k,sy141,sy143,sy14q,sy151,sy153,sy145,sy14k,sy14a,sy146,sy154,sy14d,sy14g,sy11p,sy12j,sy14i,sy14j,sy123,sy14m,sysv,syz4,syz6,syz8,sy14r,sy14x,sy156,febLed,syz3,sy127,nDlqbd,sy13z,sy142,sy147,sy148,sy14b,sy14c,sy14f,sy14h,sy14l,sy14n,sy14o,sy14p,sy14v,sy14w,sy155,sy157,sy158,sy159,fHCw3c,sy13p,DGBsqf,EmHzT,sy10m,sy10l,sy13r,yg78R,sy13v,qP0iad,sy11f,yE2wme,sy13x,AeOOZc,sy15e,sy15f,sy15a,sysy,sy13j,sy15b,sy15c,sy15d,sy15g,nV1Z8c,nd7ABd,syq6,pktFEe,A8M0R,Ejw5zd,g6RDif,AjGTXd,JJBWd,sypz,syq0,sy12x,eKvtYd,B83o6d,NJ5Ue,rzFoYe,Vrf0E,Qk7Ubf,zcp5kd,A5mc9c,h4XkYd,IXzqr,lWdfif,bXaebf,sy11a,eY7ywe,d1jXuc,dgEsDd,y5Ctsc,xA1Nzd,syjs,Zivved",script
2026-05-19T09:13:15.884Z,GET,"https://www.gstatic.com/og/_/js/k=og.asy.en_US.nTJ49ae9eb0.2019.O/rt=j/m=_ac,_awd,adrc,ada,lldp,qads/exm=/d=1/ed=1/rs=AA2YrTvqrPgJWxehMQEwEFTNHj1horWEYQ",script
2026-05-19T09:13:15.928Z,GET,"https://www.gstatic.com/_/atari/_/js/k=atari.ed.en.GSOzXGrC-mw.O/am=CCDAAcA/d=0/rs=AGEqA5n28l8xPqKGPG90UOjPIEdu5U9UQA/m=tknxyb,syf3,Tpj7Pb,syf2,syf4,syf5,gNYsTc,bTi8wc,Fo7lub,eM1C7d,u8fSBf,syf6,EF8pe,LLHPdb,BmP5F,AwC6ec,sy3e,sy3f,sy3d,syfl,syfm,sy3g,syfn,sy3i,syfo,syfp,syfq,YCivSc,p6xDkc,gp44Bf,tBvKNb,RMQA0d,sy51,ZRk5Gb,XDKZTc,sy52,qkPXAf,hGUhV,syg3,W75Itc,TIMdCc,syen,syeq,syer,syem,syeo,syep,fumke,yDXup,syg0,syg5,syg7,sy3k,syg8,syg6,syjg,syji,syjz,fGv1ef,sy4v,syh0,l1B7Wb,symi,syja,symj,sy12v,N1A1db,sy3v,sy4o,l5HePb,sy4u,iTeaXe,sy3w,sygf,synb,EGNJFf,syhg,sy3t,syhm,syho,sy3u,syh7,syhn,syhp,syhq,syme,fgj8Rb,syf7,syf8,RVdIsf,syf9,syfa,syfb,Jm8wf,syzv,ko2ijf,sy13k,JH2zc,VNcg1e,sy13l,t1sulf,JWUKXe,syrk,sJhETb,fI4Vwc,XVMNvd,fuVYe,Gugl6e,u585ad,bszmue,syjl,r5Fgec,Z8L7Fd,TrQlRb,sylj,sylg,sy3l,sy4x,sylk,syln,sylp,sylq,syls,sylh,syli,syle,sylm,sylo,sylr,sylt,sylc,syld,sylf,syll,sylu,sylw,sylx,m6ODae,oDzOMc,pA3VNb,iSvg6e,t1YFL,syip,syiq,k8usFd,sy4w,sy4y,sy4t,sy4z,pc62j,sy3r,sy3n,sy3s,sy3x,syjm,syjn,Kxpjyc,syn2,syoc,syp8,syp9,synd,syrg,SFSdDd,syg2,syg4,syly,syg9,syj9,syjd,syl5,sym0,sym4,sym7,symb,symc,Sr9NQb,iTgHO,syr3,syr5,syrb,syrd,sy119,YSkwQd,sy3h,sy3j,iwfZq,syhy,syk1,syk3,syhk,syhw,syi0,syi2,sym9,syk4,syqf,syhj,syhv,syhz,syi6,syma,syq1,syqe,syqj,syqk,syqi,syt5,wzBrae,syt6,ufTJ9d,YiHFFc,sygg,sykj,mpXnIb,sy101,LBgRLc,J7cCeb,oDd24c,eEDsnd,ODIKad,sy4d,sy4c,sy4i,sy4e,sy4f,sy4g,sy4h,sy4j,syjv,sykq,syj0,syjw,syjy,syk2,syie,syjt,sykp,syj2,syjj,syjx,syk0,syi4,syis,syjr,sykr,syfx,syk8,syky,syin,syic,sykz,sym5,sym8,sym6,sdPG7e,syid,TBXMU,sy102,sy19f,s5T1B,syn5,JQjARd,syn6,QmZ7Be,syif,dp5Ntf,sypw,Fgmuy,syzu,sy104,zYHZkd,EVCIIf,NvZ8ec,jYzdUb,aJSFAf,sygb,syih,sygh,syig,syii,syij,hD2fyb,sygi,sygj,lOY7pd,syn1,syq4,sy100,odWSx,sy103,cyBQ,syh5,syh4,syh6,syi1,syi3,syh3,syhx,syhh,symz,syia,syj7,syne,syj1,syki,syn0,syn8,sync,synf,syng,ZNwbL,gaMBzf,fVuHhf,sygy,syn9,syna,oySPZc,rKwixf,QaOg2c,sykh,mofIOd,goNIqe,PIYIuc,KZh4jf,syes,syet,syeu,gTs6We,Lgc4Kd,syez,syf0,syf1,WX3Rqe,Mv9N2c,sys4,YgNWd,YTF0A,sykl,sypx,sykm,uj1mC,sypv,syrh,iIjuCe,syk7,sykn,EeW0Dc,baS2ne,syjh,syq5,FmKeob,sy5q,sy5s,sy5r,sy5m,sy5u,sy5v,CG0Qwb,syfi,syfk,syfc,syfh,syfj,wtQUPb,syft,symg,syre,sy12a,sy12m,sy12n,ZtD0Xd,syjq,syl3,syzd,k0Eomb,syl7,VtWKY,syt3,sygt,syt2,sy10q,sy10r,zxbrU,ZUST3e,XO4SU,sykb,na2dId,syh2,sygu,sygw,syj8,syt4,syt9,qRSmd,WefZPe,GDKWoe,sym2,sym1,sym3,symd,BJa2I,syfz,NJHWke,tAZXvd,sy40,syiv,syzp,sy10n,sy10o,sCdQLd,fW6ILb,syze,BYrVPe,pdVt5d,pyPVne,sytc,sy10t,NhXhFe,mWai7e,X8Sipd,syff,KqKj6b,sy4l,sygm,sy4p,sygl,sy4r,sygo,sygp,FVdWg,sygk,sygn,Yj2FZc,syfs,syfv,syfr,syfu,Lm5Lhf,syt7,syt8,syta,DJpJbc,syh1,vCg38d,syfg,syj3,qAKInc,sypy,zxe1Ge,sy10p,STdMh,sygv,sygq,sygr,sygs,sygx,gqgeef,syfd,syfy,syfe,a6kuzd,raCrYb,syg1,sygd,akqRAc,sylz,qnJkcd,sytj,sytt,sytf,syth,sytl,syto,sysw,syju,sylb,syws,H2xa0d,sywt,F1iPce,BK4xnc,syti,sytk,mKSAUd,kPqaVc,ZvvnPb,rVRxde,syu7,syw1,syw3,sywg,sywi,sywh,sywf,syvp,syvn,syx4,sy15u,sy15v,sy15t,sy15w,sy18o,ViNKT,SL22ab,InGPT,stsTjb,V7j7Sb,syz9,syza,hAljs,XnyN2e,gzp7wb,kNqx7b,syw9,lWIDqf,VJwZIe,syvu,syw4,syw5,syw6,syw7,syw8,syvv,NX9HJ,hgud7d,dm1dhc,PgXDBd,syte,sytg,sytm,sytn,sytp,sytq,sytr,syts,sytu,syqg,sy12s,syr9,syr6,VBibre,sywq,sy11u,syk5,syl6,symy,syqh,sy12r,syra,syjb,sy12c,sy12w,syjc,symh,syr4,syr8,syrc,syvw,sywr,syzx,sy12h,sy12l,sy12o,sy12p,sy12q,sy12t,sy12u,DwUXid,syqu,sy10y,lfLH7b,iup7tb,syzy,syzz,caIpI,HoZOzd,sy10x,gloy4c,syir,DbMgjb,sykc,syk6,syka,sykd,syil,syk9,syke,sykf,sykg,Ej1GZe,HB86X,syhs,syhu,syht,JoBide,syr7,cOUdKf,syhe,syhf,syhi,syhc,syhl,syh8,syhd,syhr,syi5,syh9,syha,syhb,syi7,syi8,syi9,syib,IX2nu,syko,sy112,syqp,syqr,syq2,syl9,syqb,sy111,syqs,syzs,sy10z,sy110,sy114,sy115,sy113,sy116,SfzLG,syiu,syik,syit,syiw,syix,syiy,syiz,syj4,syj5,syj6,cOx5wc,wEFNxf,VJb21,syim,dIlGPe,symx,syqa,sy137,sy13d,sy13e,sy135,sy136,sy118,sy13a,sy117,sy134,sy139,sy13m,sy13o,sy13g,sy13n,OnuNOd,QRBA7,c05nGd,syje,syjf,kIBXo,c5Y3Jd,syrr,dBhIIb,syrs,R4KMEc,syrx,symf,syru,syrv,syrw,Rq56oe,syl2,symv,symw,syl1,symu,syml,symo,symp,ID6w3,syjk,sy4m,syl4,sykx,syl0,symt,symn,syms,AxFSBd,sltWod,sy4n,syjo,syks,sykt",script
2026-05-19T09:13:16.362Z,GET,https://fonts.gstatic.com/s/lato/v25/S6uyw4BMUTPHjxgwXg.woff2,font
2026-05-19T09:13:16.362Z,GET,https://fonts.gstatic.com/s/sourcecodepro/v31/HI_diYsKILxRpg3hIP6sJ7fM7PqPMcMnZFqUwX28DMyQtM9rTA.woff2,font
2026-05-19T09:13:16.413Z,GET,https://fonts.gstatic.com/s/lato/v25/S6u8w4BMUTPHh30wXg.woff2,font
2026-05-19T09:13:16.413Z,GET,https://fonts.gstatic.com/s/lato/v25/S6u-w4BMUTPHjxsIPy-q.woff2,font
2026-05-19T09:13:16.414Z,GET,https://fonts.gstatic.com/s/lato/v25/S6u9w4BMUTPHh50Xewo.woff2,font
2026-05-19T09:13:16.414Z,GET,https://fonts.gstatic.com/s/lato/v25/S6u_w4BMUTPHjxsI3wiPGQ.woff2,font
2026-05-19T09:13:16.444Z,GET,https://www.gstatic.com/feedback/js/help/prod/service/lazy.min.js,script
2026-05-19T09:13:16.445Z,GET,https://www.gstatic.com/_/atari/_/js/k=atari.ed.en.GSOzXGrC-mw.O/am=CCDAAcA/d=0/rs=AGEqA5n28l8xPqKGPG90UOjPIEdu5U9UQA/m=qyNYg,script
2026-05-19T09:13:16.469Z,GET,https://sites.google.com/u/0/d/19JMNQ5kCG9VAAaWjrW65uH_G5--5r3un/newpagecosmoid?zx=4gbvg03eow6y&token=AHL0AtLVYOTEWCKhaJ_1jRENFhHSbsZu6Q%3A1779181994655&authuser=0&nded=false,xhr
2026-05-19T09:13:16.470Z,GET,https://sites.google.com/u/0/d/19JMNQ5kCG9VAAaWjrW65uH_G5--5r3un/trash/read?id=19JMNQ5kCG9VAAaWjrW65uH_G5--5r3un&token=AHL0AtLVYOTEWCKhaJ_1jRENFhHSbsZu6Q%3A1779181994655&authuser=0&nded=false,xhr
2026-05-19T09:13:16.472Z,GET,https://sites.google.com/u/0/d/19JMNQ5kCG9VAAaWjrW65uH_G5--5r3un/newpagecosmoid?zx=azo557cbekmq&token=AHL0AtLVYOTEWCKhaJ_1jRENFhHSbsZu6Q%3A1779181994655&authuser=0&nded=false,xhr
2026-05-19T09:13:16.473Z,GET,https://sites.google.com/u/0/d/19JMNQ5kCG9VAAaWjrW65uH_G5--5r3un/newpagecosmoid?zx=h5knfwe1kf0f&token=AHL0AtLVYOTEWCKhaJ_1jRENFhHSbsZu6Q%3A1779181994655&authuser=0&nded=false,xhr
2026-05-19T09:13:16.473Z,GET,https://www.gstatic.com/_/atari/_/js/k=atari.ed.en.GSOzXGrC-mw.O/am=CCDAAcA/d=0/rs=AGEqA5n28l8xPqKGPG90UOjPIEdu5U9UQA/m=CTHYib,script
2026-05-19T09:13:16.493Z,GET,https://sites.google.com/u/0/d/19JMNQ5kCG9VAAaWjrW65uH_G5--5r3un/test?id=19JMNQ5kCG9VAAaWjrW65uH_G5--5r3un&sid=39cf93069682abb3&token=AHL0AtLVYOTEWCKhaJ_1jRENFhHSbsZu6Q%3A1779181994655&authuser=0&nded=false&VER=8&lsq=-1&u=08309635880110475942&w=1&flr=0&gsi=0&smv=NaN&cimpl=0&MODE=init&zx=8isnhtjnimb&t=1,xhr
2026-05-19T09:13:16.495Z,GET,https://sites.google.com/u/0/d/19JMNQ5kCG9VAAaWjrW65uH_G5--5r3un/peruserchrome?id=19JMNQ5kCG9VAAaWjrW65uH_G5--5r3un&token=AHL0AtLVYOTEWCKhaJ_1jRENFhHSbsZu6Q%3A1779181994655&authuser=0&nded=false,xhr
2026-05-19T09:13:16.510Z,GET,https://fonts.gstatic.com/s/sourcecodepro/v31/HI_diYsKILxRpg3hIP6sJ7fM7PqPMcMnZFqUwX28DEyQhMs.woff2,font
2026-05-19T09:13:16.511Z,GET,https://fonts.gstatic.com/s/sourcecodepro/v31/HI_diYsKILxRpg3hIP6sJ7fM7PqPMcMnZFqUwX28DP6QhMs.woff2,font
2026-05-19T09:13:16.512Z,GET,https://fonts.gstatic.com/s/sourcecodepro/v31/HI_diYsKILxRpg3hIP6sJ7fM7PqPMcMnZFqUwX28DEyXhMs.woff2,font
2026-05-19T09:13:16.553Z,GET,https://fonts.gstatic.com/s/sourcecodepro/v31/HI_diYsKILxRpg3hIP6sJ7fM7PqPMcMnZFqUwX28DJKQhMs.woff2,font
2026-05-19T09:13:16.555Z,GET,https://fonts.gstatic.com/s/sourcecodepro/v31/HI_jiYsKILxRpg3hIP6sJ7fM7PqlOPHYvDP_W9O7GQTT7I1rTA.woff2,font
2026-05-19T09:13:16.555Z,GET,https://fonts.gstatic.com/s/sourcecodepro/v31/HI_diYsKILxRpg3hIP6sJ7fM7PqPMcMnZFqUwX28DBKXhMs.woff2,font
2026-05-19T09:13:16.555Z,GET,https://fonts.gstatic.com/s/sourcecodepro/v31/HI_jiYsKILxRpg3hIP6sJ7fM7PqlOPHYvDP_W9O7GQTTxYprTA.woff2,font
2026-05-19T09:13:16.555Z,GET,https://fonts.gstatic.com/s/sourcecodepro/v31/HI_jiYsKILxRpg3hIP6sJ7fM7PqlOPHYvDP_W9O7GQTTsoprTA.woff2,font
2026-05-19T09:13:16.557Z,GET,https://fonts.gstatic.com/s/sourcecodepro/v31/HI_jiYsKILxRpg3hIP6sJ7fM7PqlOPHYvDP_W9O7GQTT7IprTA.woff2,font
2026-05-19T09:13:16.557Z,GET,https://fonts.gstatic.com/s/sourcecodepro/v31/HI_jiYsKILxRpg3hIP6sJ7fM7PqlOPHYvDP_W9O7GQTTXo1rTA.woff2,font
2026-05-19T09:13:16.557Z,GET,https://fonts.gstatic.com/s/sourcecodepro/v31/HI_jiYsKILxRpg3hIP6sJ7fM7PqlOPHYvDP_W9O7GQTTMo1rTA.woff2,font
2026-05-19T09:13:16.557Z,GET,https://fonts.gstatic.com/s/sourcecodepro/v31/HI_diYsKILxRpg3hIP6sJ7fM7PqPMcMnZFqUwX28DGWXhMs.woff2,font
2026-05-19T09:13:16.557Z,GET,"https://www.gstatic.com/_/atari/_/js/k=atari.ed.en.GSOzXGrC-mw.O/am=CCDAAcA/d=0/rs=AGEqA5n28l8xPqKGPG90UOjPIEdu5U9UQA/m=NLDnK,hU0nAf,sy18l,utz9F,sy18n,bbKX0d,yUHiM,sy181,rarsed,sy180,sy185,sy18e,YbzfXd,YV8yqd",script
2026-05-19T09:13:16.613Z,POST,https://sites.google.com/u/0/d/19JMNQ5kCG9VAAaWjrW65uH_G5--5r3un/s/premadelayouts?token=AHL0AtLVYOTEWCKhaJ_1jRENFhHSbsZu6Q%3A1779181994655&authuser=0&nded=false,xhr
2026-05-19T09:13:16.675Z,POST,https://sites.google.com/u/0/d/19JMNQ5kCG9VAAaWjrW65uH_G5--5r3un/checkdomainthemespolicy?token=AHL0AtLVYOTEWCKhaJ_1jRENFhHSbsZu6Q%3A1779181994655&authuser=0&nded=false,xhr
2026-05-19T09:13:16.694Z,POST,https://ogads-pa.clients6.google.com/$rpc/google.internal.onegoogle.asyncdata.v1.AsyncDataService/GetAsyncData,xhr
2026-05-19T09:13:16.782Z,POST,https://sites.google.com/u/0/d/19JMNQ5kCG9VAAaWjrW65uH_G5--5r3un/font/getmetadata?id=19JMNQ5kCG9VAAaWjrW65uH_G5--5r3un&token=AHL0AtLVYOTEWCKhaJ_1jRENFhHSbsZu6Q%3A1779181994655&authuser=0&nded=false,xhr
2026-05-19T09:13:16.822Z,GET,https://fonts.gstatic.com/s/amaticsc/v28/TUZyzwprpvBS1izr_vOEDOSf.woff2,font
2026-05-19T09:13:16.834Z,GET,https://fonts.gstatic.com/s/caveat/v23/WnznHAc5bAfYB2QRah7pcpNvOx-pjfJ9eIOpYQ.woff2,font
2026-05-19T09:13:16.836Z,GET,https://fonts.gstatic.com/s/comfortaa/v47/1Pt_g8LJRfWJmhDAuUsSQamb1W0lwk4S4WjMDrUfIA.woff2,font
2026-05-19T09:13:16.836Z,GET,https://fonts.gstatic.com/s/ebgaramond/v32/SlGDmQSNjdsmc35JDF1K5E55YMjF_7DPuGi-6_RkAo9_.woff2,font
2026-05-19T09:13:16.836Z,GET,https://fonts.gstatic.com/s/lobster/v32/neILzCirqoswsqX9zoSmMw.woff2,font
2026-05-19T09:13:16.837Z,GET,https://fonts.gstatic.com/s/lora/v37/0QI6MX1D_JOuGQbT0gvTJPa787weuxJHkq0.woff2,font
2026-05-19T09:13:16.837Z,GET,https://fonts.gstatic.com/s/lexend/v26/wlptgwvFAVdoq2_F94zlCfv0bz1WCzsWzLFneg.woff2,font
2026-05-19T09:13:16.847Z,POST,https://play.google.com/log?format=json&hasfast=true&authuser=0,fetch
2026-05-19T09:13:16.870Z,GET,https://fonts.gstatic.com/s/roboto/v51/KFOMCnqEu92Fr1ME7kSn66aGLdTylUAMQXC89YmC2DPNWubEbVmSiAo.woff2,font
2026-05-19T09:13:16.871Z,GET,https://fonts.gstatic.com/s/playfairdisplay/v40/nuFvD-vYSZviVYUb_rj3ij__anPXJzDwcbmjWBN2PKdFvXDRbtM.woff2,font
2026-05-19T09:13:16.872Z,GET,https://fonts.gstatic.com/s/pacifico/v23/FwZY7-Qmy14u9lezJ-6B6Mk.woff2,font
2026-05-19T09:13:16.872Z,GET,https://fonts.gstatic.com/s/oswald/v57/TK3_WkUHHAIjg75cFRf3bXL8LICs1_FvsUBiZQ.woff2,font
2026-05-19T09:13:16.878Z,GET,https://fonts.gstatic.com/s/merriweather/v33/u-4D0qyriQwlOrhSvowK_l5UcA6zuSYEqOzpPe3HOZJ5eX1WtLaQwmYiScCmDxhtNOKl8yDr3icaEl31.woff2,font
2026-05-19T09:13:16.888Z,GET,https://fonts.gstatic.com/s/nunito/v32/XRXI3I6Li01BKofiOc5wtlZ2di8HDLshdTI3jw.woff2,font
2026-05-19T09:13:16.889Z,GET,https://fonts.gstatic.com/s/montserrat/v31/JTUHjIg1_i6t8kCHKm4532VJOt5-QNFgpCtr6Hw_aXo.woff2,font
2026-05-19T09:13:16.909Z,GET,https://fonts.gstatic.com/s/robotomono/v31/L0xuDF4xlVMF-BfR8bXMIhJHg45mwgGEFl0_3vq_QuW4.woff2,font
2026-05-19T09:13:16.923Z,POST,https://sites.google.com/u/0/d/19JMNQ5kCG9VAAaWjrW65uH_G5--5r3un/_/naLogImpressions?id=19JMNQ5kCG9VAAaWjrW65uH_G5--5r3un&token=AHL0AtLVYOTEWCKhaJ_1jRENFhHSbsZu6Q%3A1779181994655&authuser=0&nded=false,xhr
2026-05-19T09:13:16.940Z,GET,https://fonts.gstatic.com/s/oswald/v57/TK3_WkUHHAIjg75cFRf3bXL8LICs1_FvgUQ.woff2,font
2026-05-19T09:13:16.956Z,GET,https://fonts.gstatic.com/s/oswald/v57/TK3_WkUHHAIjg75cFRf3bXL8LICs1xZogUQ.woff2,font
2026-05-19T09:13:17.014Z,POST,https://appsgrowthpromo-pa.clients6.google.com/v1/promotion/FetchRecommendation?key=AIzaSyD2aoAETJHXO1f_X3uPTOvwcMmDBK5-yEk&alt=protojson,xhr
2026-05-19T09:13:17.017Z,GET,https://fonts.gstatic.com/s/robotomono/v31/L0xoDF4xlVMF-BfR8bXMIjhOsXG-q2oeuFoqFrlnAOW4.woff2,font
2026-05-19T09:13:17.021Z,GET,https://fonts.gstatic.com/s/spectral/v15/rnCt-xNNww_2s0amA9M8kng.woff2,font
2026-05-19T09:13:17.053Z,POST,https://sites.google.com/u/0/d/19JMNQ5kCG9VAAaWjrW65uH_G5--5r3un/sitename/list?token=AHL0AtLVYOTEWCKhaJ_1jRENFhHSbsZu6Q%3A1779181994655&authuser=0&nded=false,xhr
2026-05-19T09:13:17.057Z,GET,https://fonts.gstatic.com/s/spectral/v15/rnCr-xNNww_2s0amA9M_kng.woff2,font
2026-05-19T09:13:17.059Z,GET,https://fonts.gstatic.com/s/robotoserif/v17/R71RjywflP6FLr3gZx7K8UyuXDs9zVwDmXCb8lxYgmuii32UGoVldX6UgfjL4-3sMM_kB_qXSEXTJQCFLH5-_bcEliotl6Z8AA.woff2,font
2026-05-19T09:13:17.078Z,GET,https://fonts.gstatic.com/s/robotomono/v31/L0xoDF4xlVMF-BfR8bXMIjhOsXG-q2oeuFoqFrmAB-W4.woff2,font
2026-05-19T09:13:17.078Z,GET,https://fonts.gstatic.com/s/robotomono/v31/L0xuDF4xlVMF-BfR8bXMIhJHg45mwgGEFl0_3vqPRg.woff2,font
2026-05-19T09:13:17.079Z,GET,https://fonts.gstatic.com/s/robotomono/v31/L0xuDF4xlVMF-BfR8bXMIhJHg45mwgGEFl0_Of2PRg.woff2,font
2026-05-19T09:13:17.079Z,GET,https://fonts.gstatic.com/s/playfairdisplay/v40/nuFvD-vYSZviVYUb_rj3ij__anPXJzDwcbmjWBN2PKeiukDV.woff2,font
2026-05-19T09:13:17.080Z,POST,https://sites.google.com/u/0/d/19JMNQ5kCG9VAAaWjrW65uH_G5--5r3un/publish/publishingstatus?token=AHL0AtLVYOTEWCKhaJ_1jRENFhHSbsZu6Q%3A1779181994655&authuser=0&nded=false,xhr
2026-05-19T09:13:17.080Z,GET,https://fonts.gstatic.com/s/nunito/v32/XRXI3I6Li01BKofiOc5wtlZ2di8HDLshRTY.woff2,font
2026-05-19T09:13:17.089Z,POST,https://sites.google.com/u/0/d/19JMNQ5kCG9VAAaWjrW65uH_G5--5r3un/computedsitemetadata?token=AHL0AtLVYOTEWCKhaJ_1jRENFhHSbsZu6Q%3A1779181994655&authuser=0&nded=false,xhr
2026-05-19T09:13:17.092Z,POST,https://play.google.com/log?format=json&hasfast=true&authuser=0,xhr
2026-05-19T09:13:17.092Z,GET,https://fonts.gstatic.com/s/roboto/v51/KFOKCnqEu92Fr1Mu53ZEC9_Vu3r1gIhOszmOClHrs6ljXfMMLmbXiAo.woff2,font
2026-05-19T09:13:17.110Z,GET,https://fonts.gstatic.com/s/roboto/v51/KFOKCnqEu92Fr1Mu53ZEC9_Vu3r1gIhOszmOClHrs6ljXfMMLoHQiAo.woff2,font
2026-05-19T09:13:17.111Z,GET,https://fonts.gstatic.com/s/playfairdisplay/v40/nuFRD-vYSZviVYUb_rj3ij__anPXDTnCjmHKM4nYO7KN_qiTbtM.woff2,font
2026-05-19T09:13:17.113Z,GET,https://fonts.gstatic.com/s/roboto/v51/KFOMCnqEu92Fr1ME7kSn66aGLdTylUAMQXC89YmC2DPNWubEbWmW.woff2,font
2026-05-19T09:13:17.113Z,GET,https://fonts.gstatic.com/s/playfairdisplay/v40/nuFvD-vYSZviVYUb_rj3ij__anPXJzDwcbmjWBN2PKdFvUDV.woff2,font
2026-05-19T09:13:17.113Z,GET,https://fonts.gstatic.com/s/playfairdisplay/v40/nuFRD-vYSZviVYUb_rj3ij__anPXDTnCjmHKM4nYO7KN_k-UbtM.woff2,font
2026-05-19T09:13:17.115Z,GET,https://fonts.gstatic.com/s/nunito/v32/XRXK3I6Li01BKofIMPyPbj8d7IEAGXNiSnc3jw.woff2,font
2026-05-19T09:13:17.123Z,POST,https://sites.google.com/u/0/d/19JMNQ5kCG9VAAaWjrW65uH_G5--5r3un/fetchthemes?token=AHL0AtLVYOTEWCKhaJ_1jRENFhHSbsZu6Q%3A1779181994655&authuser=0&nded=false,xhr
2026-05-19T09:13:17.124Z,GET,https://fonts.gstatic.com/s/nunito/v32/XRXK3I6Li01BKofIMPyPbj8d7IEAGXNirXA3jw.woff2,font
2026-05-19T09:13:17.124Z,GET,https://fonts.gstatic.com/s/lexend/v26/wlptgwvFAVdoq2_F94zlCfv0bz1WCzsW_LU.woff2,font
2026-05-19T09:13:17.138Z,GET,https://fonts.gstatic.com/s/comfortaa/v47/1Pt_g8LJRfWJmhDAuUsSQamb1W0lwk4S4Y_LPrE.woff2,font
2026-05-19T09:13:17.139Z,GET,https://fonts.gstatic.com/s/comfortaa/v47/1Pt_g8LJRfWJmhDAuUsSQamb1W0lwk4S4WjMPrE.woff2,font
2026-05-19T09:13:17.139Z,GET,https://fonts.gstatic.com/s/robotoserif/v17/R71XjywflP6FLr3gZx7K8UyEVQnyR1E7VN-f51xYuGCQepOvB0KLc2v0wKKB0Q4MSZxyqf2CgAchbDJ69BcVZxkDg-JuT-R8AA.woff2,font
2026-05-19T09:13:17.140Z,GET,https://fonts.gstatic.com/s/lora/v37/0QI6MX1D_JOuGQbT0gvTJPa787z5vCJD.woff2,font
2026-05-19T09:13:17.156Z,GET,https://fonts.gstatic.com/s/lora/v37/0QI6MX1D_JOuGQbT0gvTJPa787weuyJD.woff2,font
2026-05-19T09:13:17.156Z,GET,https://fonts.gstatic.com/s/lexend/v26/wlptgwvFAVdoq2_F94zlCfv0bz1WC9wR_LU.woff2,font
2026-05-19T09:13:17.156Z,GET,https://fonts.gstatic.com/s/robotoserif/v17/R71RjywflP6FLr3gZx7K8UyuXDs9zVwDmXCb8lxYgmuii32UGoVldX6UgfjL4-3sMM_kB_qXSEXTJQCFLH5-_bcEliotp6I.woff2,font
2026-05-19T09:13:17.157Z,POST,https://play.google.com/log?format=json&hasfast=true&authuser=0,fetch
2026-05-19T09:13:17.173Z,GET,https://fonts.gstatic.com/s/montserrat/v31/JTUHjIg1_i6t8kCHKm4532VJOt5-QNFgpCtr6Ew7.woff2,font
2026-05-19T09:13:17.173Z,GET,https://fonts.gstatic.com/s/spectral/v15/rnCu-xNNww_2s0amA9M8qsHDafY.woff2,font
2026-05-19T09:13:17.176Z,GET,https://fonts.gstatic.com/s/oswald/v57/TK3_WkUHHAIjg75cFRf3bXL8LICs13FvgUQ.woff2,font
2026-05-19T09:13:17.192Z,GET,https://fonts.gstatic.com/s/spectral/v15/rnCr-xNNww_2s0amA-M7.woff2,font
2026-05-19T09:13:17.192Z,GET,https://fonts.gstatic.com/s/lora/v37/0QI8MX1D_JOuMw_hLdO6T2wV9KnW-C0Ckq0.woff2,font
2026-05-19T09:13:17.192Z,GET,https://fonts.gstatic.com/s/nunito/v32/XRXI3I6Li01BKofiOc5wtlZ2di8HDFwmRTY.woff2,font
2026-05-19T09:13:17.209Z,GET,https://fonts.gstatic.com/s/robotoserif/v17/R71RjywflP6FLr3gZx7K8UyuXDs9zVwDmXCb8lxYgmuii32UGoVldX6UgfjL4-3sMM_kB_qXSEXTJQCFLH5-_bcEls0qp6I.woff2,font
2026-05-19T09:13:17.209Z,GET,https://fonts.gstatic.com/s/montserrat/v31/JTUFjIg1_i6t8kCHKm459Wx7xQYXK0vOoz6jq0N6aXo.woff2,font
2026-05-19T09:13:17.210Z,GET,https://fonts.gstatic.com/s/montserrat/v31/JTUHjIg1_i6t8kCHKm4532VJOt5-QNFgpCuM70w7.woff2,font
2026-05-19T09:13:17.220Z,GET,https://fonts.gstatic.com/s/spectral/v15/rnCs-xNNww_2s0amA9uCt13D.woff2,font
2026-05-19T09:13:17.236Z,GET,https://fonts.gstatic.com/s/robotoserif/v17/R71XjywflP6FLr3gZx7K8UyEVQnyR1E7VN-f51xYuGCQepOvB0KLc2v0wKKB0Q4MSZxyqf2CgAchbDJ69BcVZxkDg-JuqON8AA.woff2,font
2026-05-19T09:13:17.236Z,GET,https://fonts.gstatic.com/s/lora/v37/0QI8MX1D_JOuMw_hLdO6T2wV9KnW-MoFkq0.woff2,font
2026-05-19T09:13:17.255Z,GET,https://fonts.gstatic.com/s/pacifico/v23/FwZY7-Qmy14u9lezJ96F.woff2,font
2026-05-19T09:13:17.256Z,GET,https://fonts.gstatic.com/s/roboto/v51/KFOMCnqEu92Fr1ME7kSn66aGLdTylUAMQXC89YmC2DPNWuYjammW.woff2,font
2026-05-19T09:13:17.277Z,GET,https://fonts.gstatic.com/s/montserrat/v31/JTUFjIg1_i6t8kCHKm459Wx7xQYXK0vOoz6jq6R9aXo.woff2,font
2026-05-19T09:13:17.296Z,GET,https://fonts.gstatic.com/s/oswald/v57/TK3_WkUHHAIjg75cFRf3bXL8LICs18NvgUQ.woff2,font
2026-05-19T09:13:17.297Z,GET,https://fonts.gstatic.com/s/caveat/v23/WnznHAc5bAfYB2QRah7pcpNvOx-pjfJ9SIc.woff2,font
2026-05-19T09:13:17.298Z,GET,https://fonts.gstatic.com/s/robotomono/v31/L0xuDF4xlVMF-BfR8bXMIhJHg45mwgGEFl0_gPqPRg.woff2,font
2026-05-19T09:13:17.314Z,GET,https://fonts.gstatic.com/s/robotomono/v31/L0xoDF4xlVMF-BfR8bXMIjhOsXG-q2oeuFoqFrm5B-W4.woff2,font
2026-05-19T09:13:17.315Z,GET,https://fonts.gstatic.com/s/oswald/v57/TK3_WkUHHAIjg75cFRf3bXL8LICs169vgUQ.woff2,font
2026-05-19T09:13:17.317Z,GET,https://fonts.gstatic.com/s/ebgaramond/v32/SlGFmQSNjdsmc35JDF1K5GRwUjcdlttVFm-rI7dbR49_.woff2,font
2026-05-19T09:13:17.335Z,GET,https://fonts.gstatic.com/s/robotomono/v31/L0xoDF4xlVMF-BfR8bXMIjhOsXG-q2oeuFoqFrlnAeW4.woff2,font
2026-05-19T09:13:17.336Z,GET,https://fonts.gstatic.com/s/robotomono/v31/L0xoDF4xlVMF-BfR8bXMIjhOsXG-q2oeuFoqFrnnAOW4.woff2,font
2026-05-19T09:13:17.337Z,GET,https://fonts.gstatic.com/s/lobster/v32/neILzCirqoswsqX9_oA.woff2,font
2026-05-19T09:13:17.337Z,GET,https://fonts.gstatic.com/s/robotomono/v31/L0xoDF4xlVMF-BfR8bXMIjhOsXG-q2oeuFoqFrlVAOW4.woff2,font
2026-05-19T09:13:17.337Z,GET,https://fonts.gstatic.com/s/robotomono/v31/L0xoDF4xlVMF-BfR8bXMIjhOsXG-q2oeuFoqFrk5AOW4.woff2,font
2026-05-19T09:13:17.355Z,GET,https://fonts.gstatic.com/s/amaticsc/v28/TUZyzwprpvBS1izr_vO0CA.woff2,font
2026-05-19T09:13:17.355Z,GET,https://fonts.gstatic.com/s/amaticsc/v28/TUZ3zwprpvBS1izr_vOMscG6fA.woff2,font
2026-05-19T09:13:17.380Z,GET,https://fonts.gstatic.com/s/caveat/v23/WnznHAc5bAfYB2QRah7pcpNvOx-pjRV6SIc.woff2,font
2026-05-19T09:13:17.380Z,GET,https://fonts.gstatic.com/s/spectral/v15/rnCu-xNNww_2s0amA9M8qrXHafY.woff2,font
2026-05-19T09:13:17.381Z,GET,https://fonts.gstatic.com/s/oswald/v57/TK3_WkUHHAIjg75cFRf3bXL8LICs1y9ogUQ.woff2,font
2026-05-19T09:13:17.381Z,GET,https://fonts.gstatic.com/s/spectral/v15/rnCu-xNNww_2s0amA9M8qt3AafY.woff2,font
2026-05-19T09:13:17.401Z,GET,https://fonts.gstatic.com/s/spectral/v15/rnCs-xNNww_2s0amA9v2s13D.woff2,font
2026-05-19T09:13:17.402Z,GET,https://fonts.gstatic.com/s/spectral/v15/rnCs-xNNww_2s0amA9uetF3D.woff2,font
2026-05-19T09:13:17.403Z,GET,https://fonts.gstatic.com/s/spectral/v15/rnCu-xNNww_2s0amA9M8qqXCafY.woff2,font
2026-05-19T09:13:17.423Z,GET,https://fonts.gstatic.com/s/spectral/v15/rnCs-xNNww_2s0amA9vKsV3D.woff2,font
2026-05-19T09:13:17.427Z,GET,https://fonts.gstatic.com/s/robotomono/v31/L0xuDF4xlVMF-BfR8bXMIhJHg45mwgGEFl0_XvqPRg.woff2,font
2026-05-19T09:13:17.427Z,GET,https://fonts.gstatic.com/s/robotomono/v31/L0xuDF4xlVMF-BfR8bXMIhJHg45mwgGEFl0_3vuPRg.woff2,font
2026-05-19T09:13:17.427Z,GET,https://fonts.gstatic.com/s/robotomono/v31/L0xuDF4xlVMF-BfR8bXMIhJHg45mwgGEFl0_AP2PRg.woff2,font
2026-05-19T09:13:17.430Z,GET,https://fonts.gstatic.com/s/robotomono/v31/L0xuDF4xlVMF-BfR8bXMIhJHg45mwgGEFl0_7PqPRg.woff2,font
2026-05-19T09:13:17.446Z,GET,https://fonts.gstatic.com/s/spectral/v15/rnCu-xNNww_2s0amA9M8qtHEafY.woff2,font
2026-05-19T09:13:17.446Z,GET,https://fonts.gstatic.com/s/playfairdisplay/v40/nuFRD-vYSZviVYUb_rj3ij__anPXDTnCjmHKM4nYO7KN_pqTbtM.woff2,font
2026-05-19T09:13:17.465Z,GET,https://fonts.gstatic.com/s/ebgaramond/v32/SlGDmQSNjdsmc35JDF1K5E55YMjF_7DPuGi-6_RUBg.woff2,font
2026-05-19T09:13:17.484Z,GET,https://fonts.gstatic.com/s/ebgaramond/v32/SlGDmQSNjdsmc35JDF1K5E55YMjF_7DPuGi-DPNUBg.woff2,font
2026-05-19T09:13:17.507Z,GET,https://fonts.gstatic.com/s/ebgaramond/v32/SlGFmQSNjdsmc35JDF1K5GRwUjcdlttVFm-rI7e8QI9_.woff2,font
2026-05-19T09:13:17.507Z,GET,https://fonts.gstatic.com/s/lexend/v26/wlptgwvFAVdoq2_F94zlCfv0bz1WCzsX_LU.woff2,font
2026-05-19T09:13:17.508Z,GET,https://fonts.gstatic.com/s/spectral/v15/rnCs-xNNww_2s0amA9uSsF3D.woff2,font
2026-05-19T09:13:17.509Z,GET,https://fonts.gstatic.com/s/lexend/v26/wlptgwvFAVdoq2_F94zlCfv0bz1WCwkW_LU.woff2,font
2026-05-19T09:13:17.509Z,GET,https://fonts.gstatic.com/s/spectral/v15/rnCs-xNNww_2s0amA9vmtl3D.woff2,font
2026-05-19T09:13:17.533Z,GET,https://fonts.gstatic.com/s/playfairdisplay/v40/nuFvD-vYSZviVYUb_rj3ij__anPXJzDwcbmjWBN2PKd3vUDV.woff2,font
2026-05-19T09:13:17.533Z,GET,https://fonts.gstatic.com/s/spectral/v15/rnCu-xNNww_2s0amA9M8qonFafY.woff2,font
2026-05-19T09:13:17.569Z,GET,https://fonts.gstatic.com/s/playfairdisplay/v40/nuFvD-vYSZviVYUb_rj3ij__anPXJzDwcbmjWBN2PKebukDV.woff2,font
2026-05-19T09:13:17.586Z,POST,https://sites.google.com/u/0/d/19JMNQ5kCG9VAAaWjrW65uH_G5--5r3un/bind?id=19JMNQ5kCG9VAAaWjrW65uH_G5--5r3un&sid=39cf93069682abb3&token=AHL0AtLVYOTEWCKhaJ_1jRENFhHSbsZu6Q%3A1779181994655&authuser=0&nded=false&VER=8&lsq=-1&u=08309635880110475942&w=1&flr=0&gsi=0&smv=NaN&cimpl=0&RID=75316&CVER=1&zx=nxvnuee23qeq&t=1,xhr
2026-05-19T09:13:17.587Z,GET,https://fonts.gstatic.com/s/playfairdisplay/v40/nuFRD-vYSZviVYUb_rj3ij__anPXDTnCjmHKM4nYO7KN_gGUbtM.woff2,font
2026-05-19T09:13:17.587Z,GET,https://fonts.gstatic.com/s/playfairdisplay/v40/nuFRD-vYSZviVYUb_rj3ij__anPXDTnCjmHKM4nYO7KN_iiUbtM.woff2,font
2026-05-19T09:13:17.603Z,GET,https://fonts.gstatic.com/s/playfairdisplay/v40/nuFRD-vYSZviVYUb_rj3ij__anPXDTnCjmHKM4nYO7KN_naUbtM.woff2,font
2026-05-19T09:13:17.604Z,GET,https://fonts.gstatic.com/s/nunito/v32/XRXI3I6Li01BKofiOc5wtlZ2di8HDDshRTY.woff2,font
2026-05-19T09:13:17.604Z,GET,https://fonts.gstatic.com/s/nunito/v32/XRXI3I6Li01BKofiOc5wtlZ2di8HDIkhRTY.woff2,font
2026-05-19T09:13:17.624Z,GET,https://fonts.gstatic.com/s/nunito/v32/XRXI3I6Li01BKofiOc5wtlZ2di8HDOUhRTY.woff2,font
2026-05-19T09:13:17.626Z,GET,https://fonts.gstatic.com/s/nunito/v32/XRXI3I6Li01BKofiOc5wtlZ2di8HDGUmRTY.woff2,font
2026-05-19T09:13:17.626Z,GET,https://fonts.gstatic.com/s/nunito/v32/XRXK3I6Li01BKofIMPyPbj8d7IEAGXNic3c3jw.woff2,font
2026-05-19T09:13:17.627Z,GET,https://fonts.gstatic.com/s/nunito/v32/XRXK3I6Li01BKofIMPyPbj8d7IEAGXNin3A3jw.woff2,font
2026-05-19T09:13:17.646Z,GET,https://fonts.gstatic.com/s/nunito/v32/XRXK3I6Li01BKofIMPyPbj8d7IEAGXNiLXc3jw.woff2,font
2026-05-19T09:13:17.646Z,GET,https://fonts.gstatic.com/s/nunito/v32/XRXK3I6Li01BKofIMPyPbj8d7IEAGXNi83A3jw.woff2,font
2026-05-19T09:13:17.646Z,GET,https://fonts.gstatic.com/s/nunito/v32/XRXI3I6Li01BKofiOc5wtlZ2di8HDBImRTY.woff2,font
2026-05-19T09:13:17.647Z,GET,https://fonts.gstatic.com/s/nunito/v32/XRXK3I6Li01BKofIMPyPbj8d7IEAGXNiLXA3jw.woff2,font
2026-05-19T09:13:17.663Z,GET,https://fonts.gstatic.com/s/nunito/v32/XRXI3I6Li01BKofiOc5wtlZ2di8HDDsmRTY.woff2,font
2026-05-19T09:13:17.664Z,GET,https://fonts.gstatic.com/s/roboto/v51/KFOMCnqEu92Fr1ME7kSn66aGLdTylUAMQXC89YmC2DPNWuZtammW.woff2,font
2026-05-19T09:13:17.665Z,GET,https://fonts.gstatic.com/s/roboto/v51/KFOMCnqEu92Fr1ME7kSn66aGLdTylUAMQXC89YmC2DPNWubEbGmW.woff2,font
2026-05-19T09:13:17.682Z,GET,https://fonts.gstatic.com/s/lexend/v26/wlptgwvFAVdoq2_F94zlCfv0bz1WC7sW_LU.woff2,font
2026-05-19T09:13:17.683Z,GET,https://fonts.gstatic.com/s/lexend/v26/wlptgwvFAVdoq2_F94zlCfv0bz1WC-UR_LU.woff2,font
2026-05-19T09:13:17.683Z,GET,https://fonts.gstatic.com/s/lexend/v26/wlptgwvFAVdoq2_F94zlCfv0bz1WC5IR_LU.woff2,font
2026-05-19T09:13:17.684Z,GET,https://fonts.gstatic.com/s/lexend/v26/wlptgwvFAVdoq2_F94zlCfv0bz1WC7sR_LU.woff2,font
2026-05-19T09:13:17.684Z,GET,https://fonts.gstatic.com/s/lexend/v26/wlptgwvFAVdoq2_F94zlCfv0bz1WC2UW_LU.woff2,font
2026-05-19T09:13:17.691Z,GET,https://fonts.gstatic.com/s/comfortaa/v47/1Pt_g8LJRfWJmhDAuUsSQamb1W0lwk4S4VrMPrE.woff2,font
2026-05-19T09:13:17.706Z,GET,https://fonts.gstatic.com/s/comfortaa/v47/1Pt_g8LJRfWJmhDAuUsSQamb1W0lwk4S4TbMPrE.woff2,font
2026-05-19T09:13:17.707Z,GET,https://fonts.gstatic.com/s/comfortaa/v47/1Pt_g8LJRfWJmhDAuUsSQamb1W0lwk4S4bbLPrE.woff2,font
2026-05-19T09:13:17.707Z,GET,https://fonts.gstatic.com/s/robotoserif/v17/R71RjywflP6FLr3gZx7K8UyuXDs9zVwDmXCb8lxYgmuii32UGoVldX6UgfjL4-3sMM_kB_qXSEXTJQCFLH5-_bcElvQqp6I.woff2,font
2026-05-19T09:13:17.708Z,GET,https://fonts.gstatic.com/s/montserrat/v31/JTUHjIg1_i6t8kCHKm4532VJOt5-QNFgpCvr6Ew7.woff2,font
2026-05-19T09:13:17.713Z,GET,https://fonts.gstatic.com/s/montserrat/v31/JTUHjIg1_i6t8kCHKm4532VJOt5-QNFgpCs16Ew7.woff2,font
2026-05-19T09:13:17.727Z,GET,https://fonts.gstatic.com/s/playfairdisplay/v40/nuFvD-vYSZviVYUb_rj3ij__anPXJzDwcbmjWBN2PKfsukDV.woff2,font
2026-05-19T09:13:17.727Z,GET,https://fonts.gstatic.com/s/playfairdisplay/v40/nuFvD-vYSZviVYUb_rj3ij__anPXJzDwcbmjWBN2PKfFukDV.woff2,font
2026-05-19T09:13:17.727Z,GET,https://fonts.gstatic.com/s/roboto/v51/KFOMCnqEu92Fr1ME7kSn66aGLdTylUAMQXC89YmC2DPNWuZEbWmW.woff2,font
2026-05-19T09:13:17.732Z,GET,https://fonts.gstatic.com/s/nunito/v32/XRXK3I6Li01BKofIMPyPbj8d7IEAGXNiBHc3jw.woff2,font
2026-05-19T09:13:17.746Z,GET,https://fonts.gstatic.com/s/roboto/v51/KFOMCnqEu92Fr1ME7kSn66aGLdTylUAMQXC89YmC2DPNWuYaammW.woff2,font
2026-05-19T09:13:17.764Z,GET,https://fonts.gstatic.com/s/roboto/v51/KFOMCnqEu92Fr1ME7kSn66aGLdTylUAMQXC89YmC2DPNWuZEammW.woff2,font
2026-05-19T09:13:17.782Z,GET,https://fonts.gstatic.com/s/roboto/v51/KFOMCnqEu92Fr1ME7kSn66aGLdTylUAMQXC89YmC2DPNWuaabWmW.woff2,font
2026-05-19T09:13:17.784Z,GET,https://fonts.gstatic.com/s/roboto/v51/KFOMCnqEu92Fr1ME7kSn66aGLdTylUAMQXC89YmC2DPNWub2bWmW.woff2,font
2026-05-19T09:13:17.784Z,GET,https://fonts.gstatic.com/s/roboto/v51/KFOKCnqEu92Fr1Mu53ZEC9_Vu3r1gIhOszmOClHrs6ljXfMMLrPQiAo.woff2,font
2026-05-19T09:13:17.784Z,GET,https://fonts.gstatic.com/s/roboto/v51/KFOKCnqEu92Fr1Mu53ZEC9_Vu3r1gIhOszmOClHrs6ljXfMMLt_QiAo.woff2,font
2026-05-19T09:13:17.799Z,GET,https://fonts.gstatic.com/s/roboto/v51/KFOKCnqEu92Fr1Mu53ZEC9_Vu3r1gIhOszmOClHrs6ljXfMMLl_XiAo.woff2,font
2026-05-19T09:13:17.800Z,GET,https://fonts.gstatic.com/s/roboto/v51/KFOKCnqEu92Fr1Mu53ZEC9_Vu3r1gIhOszmOClHrs6ljXfMMLgHQiAo.woff2,font
2026-05-19T09:13:17.801Z,GET,https://fonts.gstatic.com/s/roboto/v51/KFOKCnqEu92Fr1Mu53ZEC9_Vu3r1gIhOszmOClHrs6ljXfMMLgHXiAo.woff2,font
2026-05-19T09:13:17.821Z,GET,https://fonts.gstatic.com/s/roboto/v51/KFOKCnqEu92Fr1Mu53ZEC9_Vu3r1gIhOszmOClHrs6ljXfMMLijXiAo.woff2,font
2026-05-19T09:13:17.821Z,GET,https://fonts.gstatic.com/s/robotoserif/v17/R71RjywflP6FLr3gZx7K8UyuXDs9zVwDmXCb8lxYgmuii32UGoVldX6UgfjL4-3sMM_kB_qXSEXTJQCFLH5-_bcElqotp6I.woff2,font
2026-05-19T09:13:17.838Z,GET,https://fonts.gstatic.com/s/robotoserif/v17/R71RjywflP6FLr3gZx7K8UyuXDs9zVwDmXCb8lxYgmuii32UGoVldX6UgfjL4-3sMM_kB_qXSEXTJQCFLH5-_bcElnQtp6I.woff2,font
2026-05-19T09:13:17.839Z,GET,https://fonts.gstatic.com/s/robotoserif/v17/R71RjywflP6FLr3gZx7K8UyuXDs9zVwDmXCb8lxYgmuii32UGoVldX6UgfjL4-3sMM_kB_qXSEXTJQCFLH5-_bcElhgtp6I.woff2,font
2026-05-19T09:13:17.854Z,GET,https://fonts.gstatic.com/s/robotoserif/v17/R71RjywflP6FLr3gZx7K8UyuXDs9zVwDmXCb8lxYgmuii32UGoVldX6UgfjL4-3sMM_kB_qXSEXTJQCFLH5-_bcEliosp6I.woff2,font
2026-05-19T09:13:17.855Z,GET,https://fonts.gstatic.com/s/robotoserif/v17/R71RjywflP6FLr3gZx7K8UyuXDs9zVwDmXCb8lxYgmuii32UGoVldX6UgfjL4-3sMM_kB_qXSEXTJQCFLH5-_bcEloMqp6I.woff2,font
2026-05-19T09:13:17.856Z,GET,https://fonts.gstatic.com/s/robotoserif/v17/R71RjywflP6FLr3gZx7K8UyuXDs9zVwDmXCb8lxYgmuii32UGoVldX6UgfjL4-3sMM_kB_qXSEXTJQCFLH5-_bcElqoqp6I.woff2,font
2026-05-19T09:13:17.873Z,POST,https://sites.google.com/u/0/d/19JMNQ5kCG9VAAaWjrW65uH_G5--5r3un/font/getmetadata?id=19JMNQ5kCG9VAAaWjrW65uH_G5--5r3un&token=AHL0AtLVYOTEWCKhaJ_1jRENFhHSbsZu6Q%3A1779181994655&authuser=0&nded=false,xhr
2026-05-19T09:13:17.873Z,GET,https://fonts.gstatic.com/s/robotoserif/v17/R71XjywflP6FLr3gZx7K8UyEVQnyR1E7VN-f51xYuGCQepOvB0KLc2v0wKKB0Q4MSZxyqf2CgAchbDJ69BcVZxkDg-Ju5uN8AA.woff2,font
2026-05-19T09:13:17.874Z,GET,https://fonts.gstatic.com/s/montserrat/v31/JTUHjIg1_i6t8kCHKm4532VJOt5-QNFgpCtr6Uw7.woff2,font
2026-05-19T09:13:17.889Z,GET,https://fonts.gstatic.com/s/robotoserif/v17/R71XjywflP6FLr3gZx7K8UyEVQnyR1E7VN-f51xYuGCQepOvB0KLc2v0wKKB0Q4MSZxyqf2CgAchbDJ69BcVZxkDg-Juz-N8AA.woff2,font
2026-05-19T09:13:17.889Z,GET,https://fonts.gstatic.com/s/robotoserif/v17/R71XjywflP6FLr3gZx7K8UyEVQnyR1E7VN-f51xYuGCQepOvB0KLc2v0wKKB0Q4MSZxyqf2CgAchbDJ69BcVZxkDg-JukeN8AA.woff2,font
2026-05-19T09:13:17.890Z,GET,https://fonts.gstatic.com/s/robotoserif/v17/R71XjywflP6FLr3gZx7K8UyEVQnyR1E7VN-f51xYuGCQepOvB0KLc2v0wKKB0Q4MSZxyqf2CgAchbDJ69BcVZxkDg-Juz-R8AA.woff2,font
2026-05-19T09:13:17.905Z,GET,https://fonts.gstatic.com/s/robotoserif/v17/R71XjywflP6FLr3gZx7K8UyEVQnyR1E7VN-f51xYuGCQepOvB0KLc2v0wKKB0Q4MSZxyqf2CgAchbDJ69BcVZxkDg-JuEeR8AA.woff2,font
2026-05-19T09:13:17.905Z,GET,https://fonts.gstatic.com/s/montserrat/v31/JTUHjIg1_i6t8kCHKm4532VJOt5-QNFgpCvr70w7.woff2,font
2026-05-19T09:13:17.925Z,GET,https://fonts.gstatic.com/s/montserrat/v31/JTUHjIg1_i6t8kCHKm4532VJOt5-QNFgpCu170w7.woff2,font
2026-05-19T09:13:17.948Z,GET,https://fonts.gstatic.com/s/montserrat/v31/JTUHjIg1_i6t8kCHKm4532VJOt5-QNFgpCtZ6Ew7.woff2,font
2026-05-19T09:13:17.967Z,GET,https://fonts.gstatic.com/s/montserrat/v31/JTUFjIg1_i6t8kCHKm459Wx7xQYXK0vOoz6jq6R8aXo.woff2,font
2026-05-19T09:13:17.967Z,GET,https://fonts.gstatic.com/s/montserrat/v31/JTUFjIg1_i6t8kCHKm459Wx7xQYXK0vOoz6jqyR9aXo.woff2,font
2026-05-19T09:13:17.967Z,GET,https://fonts.gstatic.com/s/montserrat/v31/JTUHjIg1_i6t8kCHKm4532VJOt5-QNFgpCvC70w7.woff2,font
2026-05-19T09:13:17.984Z,GET,https://fonts.gstatic.com/s/montserrat/v31/JTUFjIg1_i6t8kCHKm459Wx7xQYXK0vOoz6jqyR6aXo.woff2,font
2026-05-19T09:13:17.984Z,GET,https://fonts.gstatic.com/s/montserrat/v31/JTUFjIg1_i6t8kCHKm459Wx7xQYXK0vOoz6jqw16aXo.woff2,font
2026-05-19T09:13:17.985Z,GET,https://fonts.gstatic.com/s/montserrat/v31/JTUFjIg1_i6t8kCHKm459Wx7xQYXK0vOoz6jq5Z9aXo.woff2,font
2026-05-19T09:13:18.001Z,GET,https://fonts.gstatic.com/s/montserrat/v31/JTUFjIg1_i6t8kCHKm459Wx7xQYXK0vOoz6jq3p6aXo.woff2,font
2026-05-19T09:13:18.002Z,GET,https://fonts.gstatic.com/s/merriweather/v33/u-4D0qyriQwlOrhSvowK_l5UcA6zuSYEqOzpPe3HOZJ5eX1WtLaQwmYiScCmDxhtNOKl8yDr3icqFg.woff2,font
2026-05-19T09:13:18.018Z,GET,https://fonts.gstatic.com/s/merriweather/v33/u-4D0qyriQwlOrhSvowK_l5UcA6zuSYEqOzpPe3HOZJ5eX1WtLaQwmYiScCmDxhtNOKl8yDrOSAqFg.woff2,font
2026-05-19T09:13:18.018Z,GET,https://fonts.gstatic.com/s/roboto/v51/KFOKCnqEu92Fr1Mu53ZEC9_Vu3r1gIhOszmOClHrs6ljXfMMLoHRiAo.woff2,font
2026-05-19T09:13:18.025Z,GET,https://fonts.gstatic.com/s/robotoserif/v17/R71XjywflP6FLr3gZx7K8UyEVQnyR1E7VN-f51xYuGCQepOvB0KLc2v0wKKB0Q4MSZxyqf2CgAchbDJ69BcVZxkDg-JuT-V8AA.woff2,font
2026-05-19T09:13:18.038Z,GET,https://fonts.gstatic.com/s/robotoserif/v17/R71XjywflP6FLr3gZx7K8UyEVQnyR1E7VN-f51xYuGCQepOvB0KLc2v0wKKB0Q4MSZxyqf2CgAchbDJ69BcVZxkDg-JufeR8AA.woff2,font
2026-05-19T09:13:18.038Z,GET,https://fonts.gstatic.com/s/montserrat/v31/JTUFjIg1_i6t8kCHKm459Wx7xQYXK0vOoz6jq_p9aXo.woff2,font
2026-05-19T09:13:18.055Z,GET,https://fonts.gstatic.com/s/merriweather/v33/u-4B0qyriQwlOrhSvowK_l5-eTxCVx0ZbwLvKH2Gk9hLmp0v5yA-xXPqCzLvPee1XYk_XSf-FmQlV131.woff2,font
2026-05-19T09:13:18.072Z,GET,https://fonts.gstatic.com/s/merriweather/v33/u-4B0qyriQwlOrhSvowK_l5-eTxCVx0ZbwLvKH2Gk9hLmp0v5yA-xXPqCzLvPee1XYk_XSf-FmTCUF31.woff2,font
2026-05-19T09:13:18.073Z,GET,https://fonts.gstatic.com/s/caveat/v23/WnznHAc5bAfYB2QRah7pcpNvOx-pjcB9SIc.woff2,font
2026-05-19T09:13:18.088Z,GET,https://fonts.gstatic.com/s/caveat/v23/WnznHAc5bAfYB2QRah7pcpNvOx-pjSx6SIc.woff2,font
2026-05-19T09:13:18.105Z,GET,https://fonts.gstatic.com/s/ebgaramond/v32/SlGFmQSNjdsmc35JDF1K5GRwUjcdlttVFm-rI7c8R49_.woff2,font
2026-05-19T09:13:18.122Z,GET,https://fonts.gstatic.com/s/ebgaramond/v32/SlGDmQSNjdsmc35JDF1K5E55YMjF_7DPuGi-2fRUBg.woff2,font
2026-05-19T09:13:18.122Z,GET,https://fonts.gstatic.com/s/ebgaramond/v32/SlGDmQSNjdsmc35JDF1K5E55YMjF_7DPuGi-NfNUBg.woff2,font
2026-05-19T09:13:18.139Z,GET,https://fonts.gstatic.com/s/ebgaramond/v32/SlGDmQSNjdsmc35JDF1K5E55YMjF_7DPuGi-a_NUBg.woff2,font
2026-05-19T09:13:18.157Z,GET,https://fonts.gstatic.com/s/ebgaramond/v32/SlGFmQSNjdsmc35JDF1K5GRwUjcdlttVFm-rI7eOQI9_.woff2,font
2026-05-19T09:13:18.158Z,GET,https://fonts.gstatic.com/s/ebgaramond/v32/SlGFmQSNjdsmc35JDF1K5GRwUjcdlttVFm-rI7diR49_.woff2,font
2026-05-19T09:13:18.178Z,GET,https://fonts.gstatic.com/s/lora/v37/0QI6MX1D_JOuGQbT0gvTJPa787wsuyJD.woff2,font
2026-05-19T09:13:18.178Z,GET,https://fonts.gstatic.com/s/lora/v37/0QI6MX1D_JOuGQbT0gvTJPa787zAvCJD.woff2,font
2026-05-19T09:13:18.178Z,GET,https://fonts.gstatic.com/s/lora/v37/0QI8MX1D_JOuMw_hLdO6T2wV9KnW-BQCkq0.woff2,font
2026-05-19T09:13:18.194Z,GET,https://fonts.gstatic.com/s/ptsans/v18/jizaRExUiTo99u79D0SExQ.woff2,font
2026-05-19T09:13:18.195Z,GET,https://fonts.gstatic.com/s/gentiumbasic/v19/Wnz9HAw9aB_JD2VGQVR80We3LAuJiA.woff2,font
2026-05-19T09:13:18.196Z,GET,https://fonts.gstatic.com/s/lora/v37/0QI8MX1D_JOuMw_hLdO6T2wV9KnW-PgFkq0.woff2,font
2026-05-19T09:13:18.196Z,GET,https://fonts.gstatic.com/s/gentiumbasic/v19/WnzjHAw9aB_JD2VGQVR80We3LAiJiA.woff2,font
2026-05-19T09:13:18.197Z,GET,https://fonts.gstatic.com/s/gentiumbasic/v19/Wnz9HAw9aB_JD2VGQVR80We3HA8.woff2,font
2026-05-19T09:13:18.197Z,GET,https://fonts.gstatic.com/s/gentiumbasic/v19/WnzgHAw9aB_JD2VGQVR80We3JLasrT8.woff2,font
2026-05-19T09:13:18.206Z,GET,https://fonts.gstatic.com/s/gentiumbasic/v19/WnzmHAw9aB_JD2VGQVR80We3LAixMT8ebQ.woff2,font
2026-05-19T09:13:18.207Z,GET,https://fonts.gstatic.com/s/ptsans/v18/jizdRExUiTo99u79D0e8fOytLQ.woff2,font
2026-05-19T09:13:18.223Z,GET,https://fonts.gstatic.com/s/ptsans/v18/jizYRExUiTo99u79D0eExQ.woff2,font
2026-05-19T09:13:18.224Z,GET,https://fonts.gstatic.com/s/ptsans/v18/jizaRExUiTo99u79P0A.woff2,font
2026-05-19T09:13:18.248Z,GET,https://fonts.gstatic.com/s/ptsans/v18/jizfRExUiTo99u79B_mh4Ow.woff2,font
2026-05-19T09:13:18.248Z,GET,https://fonts.gstatic.com/s/merriweather/v33/u-4D0qyriQwlOrhSvowK_l5UcA6zuSYEqOzpPe3HOZJ5eX1WtLaQwmYiScCmDxhtNOKl8yDrgCcqFg.woff2,font
2026-05-19T09:13:18.258Z,GET,https://fonts.gstatic.com/s/merriweather/v33/u-4D0qyriQwlOrhSvowK_l5UcA6zuSYEqOzpPe3HOZJ5eX1WtLaQwmYiScCmDxhtNOKl8yDr7CcqFg.woff2,font
2026-05-19T09:13:18.276Z,GET,https://fonts.gstatic.com/s/merriweather/v33/u-4B0qyriQwlOrhSvowK_l5-eTxCVx0ZbwLvKH2Gk9hLmp0v5yA-xXPqCzLvPee1XYk_XSf-FmTwUF31.woff2,font
2026-05-19T09:13:18.296Z,GET,https://fonts.gstatic.com/s/merriweather/v33/u-4D0qyriQwlOrhSvowK_l5UcA6zuSYEqOzpPe3HOZJ5eX1WtLaQwmYiScCmDxhtNOKl8yDrdyAqFg.woff2,font
2026-05-19T09:13:18.296Z,GET,https://fonts.gstatic.com/s/merriweather/v33/u-4B0qyriQwlOrhSvowK_l5-eTxCVx0ZbwLvKH2Gk9hLmp0v5yA-xXPqCzLvPee1XYk_XSf-FmRrV131.woff2,font
2026-05-19T09:13:18.309Z,GET,https://fonts.gstatic.com/s/merriweather/v33/u-4D0qyriQwlOrhSvowK_l5UcA6zuSYEqOzpPe3HOZJ5eX1WtLaQwmYiScCmDxhtNOKl8yDrACAqFg.woff2,font
2026-05-19T09:13:18.324Z,GET,https://fonts.gstatic.com/s/merriweather/v33/u-4B0qyriQwlOrhSvowK_l5-eTxCVx0ZbwLvKH2Gk9hLmp0v5yA-xXPqCzLvPee1XYk_XSf-FmScUF31.woff2,font
2026-05-19T09:13:18.326Z,POST,https://sites.google.com/u/0/d/19JMNQ5kCG9VAAaWjrW65uH_G5--5r3un/selection?id=19JMNQ5kCG9VAAaWjrW65uH_G5--5r3un&sid=39cf93069682abb3&vc=0&c=0&w=1&flr=0&token=AHL0AtLVYOTEWCKhaJ_1jRENFhHSbsZu6Q%3A1779181994655&authuser=0&nded=false,xhr
2026-05-19T09:13:18.342Z,GET,https://fonts.gstatic.com/s/merriweather/v33/u-4D0qyriQwlOrhSvowK_l5UcA6zuSYEqOzpPe3HOZJ5eX1WtLaQwmYiScCmDxhtNOKl8yDrXiAqFg.woff2,font
2026-05-19T09:13:18.343Z,GET,https://fonts.gstatic.com/s/merriweather/v33/u-4B0qyriQwlOrhSvowK_l5-eTxCVx0ZbwLvKH2Gk9hLmp0v5yA-xXPqCzLvPee1XYk_XSf-FmRCV131.woff2,font
2026-05-19T09:13:18.362Z,GET,https://fonts.gstatic.com/s/merriweather/v33/u-4B0qyriQwlOrhSvowK_l5-eTxCVx0ZbwLvKH2Gk9hLmp0v5yA-xXPqCzLvPee1XYk_XSf-FmQcV131.woff2,font
2026-05-19T09:13:19.713Z,GET,"https://fonts.googleapis.com/css?family=Material+Icons+Extended|Google+Material+Icons|Google+Sans:400,500,700|Roboto:100,300,400,500|Roboto+Condensed|Open+Sans:300,400,600,700,800|Lato:400,300,300italic,400italic,700,700italic|Source+Code+Pro:400,700",stylesheet
2026-05-19T09:13:19.751Z,GET,https://www.gstatic.com/_/atari/_/ss/k=atari.ed.n0coxWIyZA8.L.W.O/am=CCDAAcA/d=1/rs=AGEqA5kR3kOLt395cBlJPjwXjwl3H5yPdA,stylesheet
2026-05-19T09:13:19.773Z,GET,https://fonts.gstatic.com/s/sourcecodepro/v31/HI_diYsKILxRpg3hIP6sJ7fM7PqPMcMnZFqUwX28DMyQhMs.woff2,font
2026-05-19T09:13:19.795Z,GET,https://fonts.gstatic.com/s/sourcecodepro/v31/HI_diYsKILxRpg3hIP6sJ7fM7PqPMcMnZFqUwX28DCuXhMs.woff2,font
2026-05-19T09:13:19.796Z,GET,https://fonts.gstatic.com/s/sourcecodepro/v31/HI_jiYsKILxRpg3hIP6sJ7fM7PqlOPHYvDP_W9O7GQTTbI1rTA.woff2,font
2026-05-19T09:13:19.796Z,GET,https://fonts.gstatic.com/s/sourcecodepro/v31/HI_jiYsKILxRpg3hIP6sJ7fM7PqlOPHYvDP_W9O7GQTTi4prTA.woff2,font
2026-05-19T09:13:19.796Z,GET,https://fonts.gstatic.com/s/ebgaramond/v32/SlGDmQSNjdsmc35JDF1K5E55YMjF_7DPuGi-6_RUBg.woff2,font
2026-05-19T09:13:19.807Z,GET,https://fonts.gstatic.com/s/ebgaramond/v32/SlGDmQSNjdsmc35JDF1K5E55YMjF_7DPuGi-DPNUBg.woff2,font
2026-05-19T09:13:19.817Z,GET,https://fonts.gstatic.com/s/ebgaramond/v32/SlGFmQSNjdsmc35JDF1K5GRwUjcdlttVFm-rI7e8QI9_.woff2,font
2026-05-19T09:13:19.824Z,GET,https://fonts.gstatic.com/s/ebgaramond/v32/SlGFmQSNjdsmc35JDF1K5GRwUjcdlttVFm-rI7dbR49_.woff2,font
2026-05-19T09:13:19.831Z,GET,https://fonts.gstatic.com/s/inter/v20/UcCM3FwrK3iLTcvneQg7Ca725JhhKnNqk4j1ebLhAm8SrXTc2dthiA.woff2,font
2026-05-19T09:13:19.837Z,GET,https://fonts.gstatic.com/s/inter/v20/UcCO3FwrK3iLTeHuS_nVMrMxCp50SjIw2boKoduKmMEVuFuYMZ0.woff2,font
2026-05-19T09:13:19.843Z,GET,https://fonts.gstatic.com/s/inter/v20/UcCO3FwrK3iLTeHuS_nVMrMxCp50SjIw2boKoduKmMEVuLyfMZ0.woff2,font
2026-05-19T09:13:19.851Z,GET,https://fonts.gstatic.com/s/inter/v20/UcCM3FwrK3iLTcvneQg7Ca725JhhKnNqk4j1ebLhAm8SrXTcPtxhiA.woff2,font
2026-05-19T09:13:19.899Z,GET,https://apis.google.com/js/client.js?onload=gapiLoaded,script
2026-05-19T09:13:19.938Z,GET,https://fonts.gstatic.com/s/i/productlogos/sites_2020q4/v3/web-48dp/logo_sites_2020q4_color_2x_web_48dp.png,image
2026-05-19T09:13:19.938Z,GET,https://apis.google.com/_/scs/abc-static/_/js/k=gapi.lb.en.ch0Jz-JlMrQ.O/m=client/rt=j/sv=1/d=1/ed=1/rs=AHpOoo_YD4KoV8fTh_kLhktsiThAm3yJ5A/cb=gapi.loaded_0?le=scs,script
2026-05-19T09:13:19.999Z,GET,https://fonts.gstatic.com/s/googlesans/v67/4UasrENHsxJlGDuGo1OIlJfC6l_24rlCK1Yo_Iqcsih3SAyH6cAwhX9RPjIUvQ.woff2,font
2026-05-19T09:13:20.000Z,GET,https://fonts.gstatic.com/s/roboto/v51/KFO7CnqEu92Fr1ME7kSn66aGLdTylUAMa3yUBA.woff2,font
2026-05-19T09:13:20.083Z,GET,https://fonts.gstatic.com/s/materialiconsextended/v154/kJEjBvgX7BgnkSrUwT8UnLVc38YydejYY-oE_LvJ.woff2,font
2026-05-19T09:13:20.099Z,GET,https://lh3.google.com/u/0/ogw/AF2bZyh3kXEgxcdf__M9zOGO1Q8ATciUAwZiJl4GTfhRm8L2BA=s32-c-mo,image
2026-05-19T09:13:20.197Z,GET,https://lh3.googleusercontent.com/rd-ogw/AF2bZyiAP717-RBcyEE_XiUhZ3AH3G2_VWMyGYA7BNUHZoItb91NMTjF66UPGqVU_uOufONjhoyH-gKi30ADfXon4xLMW58ez2ci96WQ3v6tQMb6GLB-wQOXqZdF5ga9TViPXIQ1lytH8LmsOQaEMk4NFwXuwdck7oJoGQdg0S2jLGBrkG74VCY-lxnA_Iz7nxIF1_pQCsLoeQOcHNPbJspXwbWslFtIKtO_ZBZYb3yAWyT2Wt-QS1ca6l3Tp32cJV6urwB13W2QoBEMg7UKDNzZiLdKJjfb9EarRqquAvrlYt0kMN56ciSsgVkZo9F10acw_XLoNQmCDHY0ReDzbhzfaMCvAbdu0UjeTt8R4et4RqtC8MPXRASFhbKv7QjOVE37sapPmySmq8pWuE3gQp4_D7eFmxo6Zu3s6rN4j7UyYfqzWFqyLWPFBf8jba0qP1jjsNBGXDtJrWwIbJFqhRKyLR61sb8EHuKhBPWToHrYIE_Bz94hIVrtvNO2czEkO6-2aWQQyrHMcD5TkDQVdYzThj0g51NFYgvT63Gqj8SE3_dkiPhFx0cIg5fra7LLhBX4fORmRTFrr0F7VY8-PY8v39-nUlZ-IeqYUssMqq7PCmtbUdxkbrDClVIXMhgIbk8idmYOTdeMo_8FBnmFkiQudVUaMU8aTVY_DHFSM7ez_E0hJ6BSkuNIRRl5gJEabyk6UEKwvlaGPvFGALsKUSLDw3wpp8Qq7zsRfYpEfipJXU0gDKsN9oRWX-LwyiupELb3ZY539nX2VMpTFpj84wFPqoto9WCD0hRfCyDXZf_Eaes80xbte6ADxWExNAyoygSMWv_VoSx04_G7JdgN9qo_7ELsU09KEFaLwVdMj1Mj4AY9Vv1jTm285p4rBWDWPB3UvYSK77D8_2AILEqj-sTPPK_fC3s8RxPN9vxklgMBDGi1_kJVncax8NhlYmvysy6cjXM3G5_Xb6AlTpolR6pzqAVyX9yoX2rycX05WYjP90a6bY-I0Cl7XN1uBPUkCXYAfs74aWUfQgfXMAsc6A=s32-c,image
2026-05-19T09:13:20.319Z,GET,https://ssl.gstatic.com/atari/images/sociallinks/facebook_black_36dp.png,image
2026-05-19T09:13:20.319Z,GET,https://ssl.gstatic.com/atari/images/sociallinks/instagram_black_36dp.png,image
2026-05-19T09:13:20.343Z,GET,https://sites.google.com/d/1NjuZKIVbHZ1Eu10zCTi2JtvM0kjkKf2N/edit,document
2026-05-19T09:13:20.343Z,GET,https://fonts.gstatic.com/s/i/googlematerialicons/drive/v14/gm_grey-24dp/1x/gm_drive_gm_grey_24dp.png,image
2026-05-19T09:13:20.579Z,GET,"https://www.gstatic.com/_/atari/_/js/k=atari.ed.en.GSOzXGrC-mw.O/am=CCDAAcA/d=1/rs=AGEqA5n28l8xPqKGPG90UOjPIEdu5U9UQA/m=e,aa",script
2026-05-19T09:13:21.064Z,GET,https://lh7-rt.googleusercontent.com/sitesz/AClOY7oF7uHZkHAb7yPnOT7FVHvMCriicijQxU52iQUwLyK4jpFUT6FrGbuKyoDxd3Txkv05lM_htbbWiJ2iJBLh5Z2SOltlk4-etkOkUwjRkfD54AR3XPPCTBRCFA5YLMll-DODCF2n-DO88eqlWB_tkkSR7G7TEEH3n91BrdDWCdsl6BdYAnCD=s2048?key=YN6GLtuWqxGWPunWVbTaJw,image
2026-05-19T09:13:21.304Z,GET,https://lh7-rt.googleusercontent.com/sitesz/AClOY7rox9gQx0VTr3PGsOFl0C76WXRxrXx9L1A2zj0pceOO7sKT7yxi_WCzNanA89FtPsTNilS8X89HJ3zxhVs7e3GLZggZK5Xa5A9v4eaTORJjBiJpI-ug9--KRTtUz6SvhviL_UklYiKvXIsieUui7Ywmh9UGUbvedlsFxzdzz0VeFJgxGdw=s2048?key=YN6GLtuWqxGWPunWVbTaJw,image
2026-05-19T09:13:21.305Z,GET,https://lh7-rt.googleusercontent.com/sitesz/AClOY7r6RYnnfnSk1VWcNO_up469c1wnWop_U2siuvBILowsfZDZ3_g8cS3FTi13ywPPGqRElNj08jhIHCT87UumIKkjkEYV6Q4RKiZtjkZlLr-I_3u-5F6QM1FCccI_-w-VtKX9HikguMABuMps3jvAEyvUB8tLvQnaoBdt9jJpFf0TymGEYUTh=s2048?key=YN6GLtuWqxGWPunWVbTaJw,image
2026-05-19T09:13:21.310Z,GET,https://lh7-rt.googleusercontent.com/sitesz/AClOY7pinoF8ECYD7Clry1eISaHepQsd_scHeFoBoYL38h9bVv6sjjOEl6eUU-Wtfmnf0hQ6p9om_B5d463ugkSpgh2ycSiTN4tXSoTo8IGDqPBaz3aSYeWviPiSO5K--KJeQgxHcoHrUeuhH3aw8AcsaLqoDZnTbFGgTAe5S2YUj8oPYMq-WaJo=s2048?key=YN6GLtuWqxGWPunWVbTaJw,image
2026-05-19T09:13:21.323Z,GET,"https://apis.google.com/_/scs/abc-static/_/js/k=gapi.lb.en.ch0Jz-JlMrQ.O/m=gapi_rpc/exm=client/rt=j/sv=1/d=1/ed=1/rs=AHpOoo_YD4KoV8fTh_kLhktsiThAm3yJ5A/cb=gapi.loaded_1?le=scs,fedcm_migration_mod",script
2026-05-19T09:13:21.325Z,GET,"https://www.gstatic.com/_/atari/_/js/k=atari.ed.en.GSOzXGrC-mw.O/am=CCDAAcA/d=0/rs=AGEqA5n28l8xPqKGPG90UOjPIEdu5U9UQA/m=sy54,VZCf0c",script
2026-05-19T09:13:21.325Z,GET,"https://www.gstatic.com/_/atari/_/js/k=atari.ed.en.GSOzXGrC-mw.O/am=CCDAAcA/d=0/rs=AGEqA5n28l8xPqKGPG90UOjPIEdu5U9UQA/m=sy6i,G1H3Pe,aSe99c,fbXBnf,psbnX,sy50,sy6u,sy6q,sy6w,sy6p,sy6x,oNFsLb,sy6o,sy6r,qEW1W,Fe0GBd,syga,of4Efe",script
2026-05-19T09:13:21.325Z,GET,https://www.gstatic.com/_/atari/_/js/k=atari.ed.en.GSOzXGrC-mw.O/am=CCDAAcA/d=0/rs=AGEqA5n28l8xPqKGPG90UOjPIEdu5U9UQA/m=vVEdxc,script
2026-05-19T09:13:21.325Z,GET,"https://www.gstatic.com/_/atari/_/js/k=atari.ed.en.GSOzXGrC-mw.O/am=CCDAAcA/d=0/rs=AGEqA5n28l8xPqKGPG90UOjPIEdu5U9UQA/m=sy6,ws9Tlc,cEt90b,sy2,sy3,sy4,L1AAkb,sy16,sy2t,sy2s,sy2r,sy3q,qTnoBf,NJ1rfe,sy2h,mzzZzc,sy44,sy45,rCcCxc,sy4a,gJzDyc,sy8,sy9,sy7,sya,syc,sy11,m9oV,syb,syd,sye,sy12,syg,RAnnUd,i5dxUd,syf,syn,sy13,syh,IiC5yd,uu7UOe,DFTXbf,sy42,vvMGie,syw,ogVNrd,Jnyqrc,sy43,sy46,sy47,ZakeSe,sy4b,LeniHc",script
2026-05-19T09:13:21.326Z,GET,"https://www.gstatic.com/_/atari/_/js/k=atari.ed.en.GSOzXGrC-mw.O/am=CCDAAcA/d=0/rs=AGEqA5n28l8xPqKGPG90UOjPIEdu5U9UQA/m=MpJwZc,n73qwf,syi,syj,syk,sy1d,sy1f,sy1g,A4UTCb,aW3pY,RyvaUb,sy18,sy19,owcnme,sy1a,sy1b,sy1c,O6y8ed,sy2j,CHCSlb,sy1i,sy1h,sy1j,sy1k,sy1m,sy1l,sy1n,VXdfxd,V3dDOb,sy1e,ENNBBf,sy20,sy23,sy24,sy2i,yf2Bs,sy32,sy33,fmklff,N5Lqpc,syl,syu,etBPYb,i5H9N,SU9Rsf,sym,syo,syp,syq,syr,sys,syt,syv,PHUIyb,qNG0Fc,syx,syz,sy10,sy1q,sy21,sy27,sy1o,sy2c,ywOR5c,sy14,sy15,sy17,sy1p,sy1r,sy22,sy26,sy29,sy28,sy2a,sy2b,sy2d,wg1P6b,pxq3x,EcW08c,sy25,sy2e,sy2f,sy2g,t8tqF,sy35,sy36,sy38,sy37,sy39,sy34,RRzQxe,Hz65nc,Qn6cnd",script
2026-05-19T09:13:21.328Z,GET,"https://www.gstatic.com/_/atari/_/js/k=atari.ed.en.GSOzXGrC-mw.O/am=CCDAAcA/d=0/rs=AGEqA5n28l8xPqKGPG90UOjPIEdu5U9UQA/m=sy197,KUM7Z,syex,syev,syew,syey,xVwbDc,syrz,sys0,sy10v,sys1,sylv,syqz,syrt,sys2,syvx,sy10w,sy10u,syr2,sy10s,eKZO4d,Dm3Ahe,sy194,yxTchf,sy195,sy196,xQtZb,Pi8o1b,R09Z9,rigeXb,qddgKe,sy193,SM1lmd,g1vXtf,TGYpv,sygc,sygz,syn7,ULH0Lb,cL3UIc,syfw,Wv7DDd,sy11i,eBAeSb,sy13y,gyihXb",script
2026-05-19T09:13:21.354Z,GET,"https://www.gstatic.com/og/_/ss/k=og.asy.qTEY_z2UXCE.L.W.O/m=ll_bdm,ll_tdm,adcgm3,ll_fw/excm=/d=1/ed=1/ct=zgms/rs=AA2YrTury5veB1jx36YPkkzg_ToggO1ScA",stylesheet
2026-05-19T09:13:21.354Z,GET,https://lh7-rt.googleusercontent.com/sitesz/AClOY7rwwo771t41AMYWDA1H3hxsZIDnMq61ZkWIKIKPSoxqRg09OqIT_fcy0egfqnlcqmgG2MrZUq7FC9HuQWGwDTVpPFLml9yDBA7QC9toN0LpZRWLLJvgHaDAbrSH4NNzun6OIWNy6QPISHSEqb9pqTh0a_rtV3jCaFoRtQbwu9ULSIlL5fg=s2048?key=YN6GLtuWqxGWPunWVbTaJw,image
2026-05-19T09:13:21.377Z,GET,https://lh7-rt.googleusercontent.com/sitesz/AClOY7pPumWEnbuIjZS7UkOvhIH1i1nRfl55p4L6GDJAEBQttIPI4f0OOPC7HLaj8P3gKyYqwhXT_2Ik70WNwbdIOOg5VWK5mNYtnHbDTFqldgsVFAjyZo9zeGCkpp5-CajGkGUoLWa8miwhSulC42GxGI8frcFamXrIGQ_IWH4-CM6USSlaru-5=s2048?key=YN6GLtuWqxGWPunWVbTaJw,image
2026-05-19T09:13:21.398Z,GET,https://ssl.gstatic.com/atari/images/offline.png,image
2026-05-19T09:13:21.398Z,GET,https://ssl.gstatic.com/docs/common/cleardot.gif?zx=ufsd60n11od7,image
2026-05-19T09:13:21.434Z,GET,https://www.gstatic.com/_/atari/_/js/k=atari.ed.en.GSOzXGrC-mw.O/am=CCDAAcA/d=0/rs=AGEqA5n28l8xPqKGPG90UOjPIEdu5U9UQA/m=D0FKFe,script
2026-05-19T09:13:21.464Z,GET,"https://www.gstatic.com/_/atari/_/js/k=atari.ed.en.GSOzXGrC-mw.O/am=CCDAAcA/d=0/rs=AGEqA5n28l8xPqKGPG90UOjPIEdu5U9UQA/m=YXyON,pEVFvf",script
2026-05-19T09:13:21.477Z,GET,"https://www.gstatic.com/_/atari/_/js/k=atari.ed.en.GSOzXGrC-mw.O/am=CCDAAcA/d=0/rs=AGEqA5n28l8xPqKGPG90UOjPIEdu5U9UQA/m=tknxyb,syf3,Tpj7Pb,syf2,syf4,syf5,gNYsTc,bTi8wc,Fo7lub,eM1C7d,u8fSBf,syf6,EF8pe,LLHPdb,BmP5F,AwC6ec,sy3e,sy3f,sy3d,syfl,syfm,sy3g,syfn,sy3i,syfo,syfp,syfq,YCivSc,p6xDkc,gp44Bf,tBvKNb,sy1,KdSWqe,hJUyqe,RMQA0d,sy51,ZRk5Gb,XDKZTc,sy52,qkPXAf,hGUhV,syg3,W75Itc,TIMdCc,syen,syeq,syer,syem,syeo,syep,fumke,yDXup,syg0,syg5,syg7,sy3k,syg8,syg6,syjg,syji,syjz,fGv1ef,sy4v,syh0,l1B7Wb,symi,syja,symj,sy12v,N1A1db,sy3v,sy4o,l5HePb,sy4u,iTeaXe,sy3w,sygf,synb,EGNJFf,syhg,sy3t,syhm,syho,sy3u,syh7,syhn,syhp,syhq,syme,fgj8Rb,syf7,syf8,RVdIsf,syf9,syfa,syfb,Jm8wf,syzv,ko2ijf,sy13k,JH2zc,VNcg1e,sy13l,t1sulf,JWUKXe,syrk,sJhETb,fI4Vwc,XVMNvd,fuVYe,Gugl6e,syfc,syfd,A0LFVc,u585ad,bszmue,syjl,r5Fgec,Z8L7Fd,TrQlRb,sylj,sylg,sy3l,sy4x,sylk,syln,sylp,sylq,syls,sylh,syli,syle,sylm,sylo,sylr,sylt,sylc,syld,sylf,syll,sylu,sylw,sylx,m6ODae,oDzOMc,pA3VNb,iSvg6e,t1YFL,syip,syiq,k8usFd,sy4w,sy4y,sy4t,sy4z,pc62j,sy3r,sy3n,sy3s,sy3x,syjm,syjn,Kxpjyc,syn2,syoc,syp8,syp9,synd,syrg,SFSdDd,syg2,syg4,syly,syg9,syj9,syjd,syl5,sym0,sym4,sym7,symb,symc,Sr9NQb,iTgHO,syr3,syr5,syrb,syrd,sy119,YSkwQd,sy3h,sy3j,iwfZq,syhy,syk1,syk3,syhk,syhw,syi0,syi2,sym9,syk4,syqf,syhj,syhv,syhz,syi6,syma,syq1,syqe,syqj,syqk,syqi,syt5,wzBrae,syt6,ufTJ9d,YiHFFc,sygg,sykj,mpXnIb,sy101,LBgRLc,J7cCeb,oDd24c,eEDsnd,ODIKad,sy4d,sy4c,sy4i,sy4e,sy4f,sy4g,sy4h,sy4j,syjv,sykq,syj0,syjw,syjy,syk2,syie,syjt,sykp,syj2,syjj,syjx,syk0,syi4,syis,syjr,sykr,syfx,syk8,syky,syin,syic,sykz,sym5,sym8,sym6,sdPG7e,syid,TBXMU,sy102,sy19f,s5T1B,syn5,JQjARd,syn6,QmZ7Be,syif,dp5Ntf,sypw,Fgmuy,syzu,sy104,zYHZkd,EVCIIf,NvZ8ec,jYzdUb,aJSFAf,sygb,syih,sygh,syig,syii,syij,hD2fyb,sygi,sygj,lOY7pd,syn1,syq4,sy100,odWSx,sy103,cyBQ,syh5,syh4,syh6,syi1,syi3,syh3,syhx,syhh,symz,syia,syj7,syne,syj1,syki,syn0,syn8,sync,synf,syng,ZNwbL,gaMBzf,fVuHhf,sygy,syn9,syna,oySPZc,rKwixf,QaOg2c,sykh,mofIOd,goNIqe,PIYIuc,KZh4jf,syes,syet,syeu,gTs6We,Lgc4Kd,syez,syf0,syf1,WX3Rqe,Mv9N2c,sys4,YgNWd,YTF0A,sykl,sypx,sykm,uj1mC,sypv,syrh,iIjuCe,syk7,sykn,EeW0Dc,baS2ne,syjh,syq5,FmKeob,sy5q,sy5s,sy5r,sy5m,sy5u,sy5v,CG0Qwb,syfi,syfk,syfh,syfj,wtQUPb,syft,symg,syre,sy12a,sy12m,sy12n,ZtD0Xd,syjq,syl3,syzd,k0Eomb,syl7,VtWKY,syt3,sygt,syt2,sy10q,sy10r,zxbrU,ZUST3e,XO4SU,sykb,na2dId,syh2,sygu,sygw,syj8,syt4,syt9,qRSmd,WefZPe,GDKWoe,sym2,sym1,sym3,symd,BJa2I,syfz,NJHWke,tAZXvd,syk5,sykc,syka,syl9,syj6,sy10z,soHxf,sy13p,DGBsqf,EmHzT,sy40,syiv,syzp,sy10n,sy10o,sCdQLd,fW6ILb,syze,BYrVPe,OHzI7e,pdVt5d,pyPVne,sytc,sy10t,NhXhFe,mWai7e,X8Sipd,syff,KqKj6b,sy4l,sygm,sy4p,sygl,sy4r,sygo,sygp,FVdWg,sygk,sygn,Yj2FZc,syfs,syfv,syfr,syfu,Lm5Lhf,syt7,syt8,syta,DJpJbc,syh1,vCg38d,syfg,syj3,qAKInc,sypy,zxe1Ge,sy10p,STdMh,sygv,sygq,sygr,sygs,sygx,gqgeef,syfy,syfe,a6kuzd,raCrYb,syg1,sygd,akqRAc,sylz,qnJkcd,sytj,sytt,sytf,syth,sytl,syto,sysw,syju,sylb,syws,H2xa0d,sywt,F1iPce,BK4xnc,syti,sytk,mKSAUd,kPqaVc,ZvvnPb,rVRxde,syu7,syw1,syw3,sywg,sywi,sywh,sywf,syvp,syvn,syx4,sy15u,sy15v,sy15t,sy15w,sy18o,ViNKT,SL22ab,InGPT,stsTjb,V7j7Sb,syz9,syza,hAljs,XnyN2e,gzp7wb,kNqx7b,syw9,lWIDqf,VJwZIe,syvu,syw4,syw5,syw6,syw7,syw8,syvv,NX9HJ,hgud7d,dm1dhc,PgXDBd,syte,sytg,sytm,sytn,sytp,sytq,sytr,syts,sytu,syqg,sy12s,syr9,syr6,VBibre,sywq,sy11u,syl6,symy,syqh,sy12r,syra,syjb,sy12c,sy12w,syjc,symh,syr4,syr8,syrc,syvw,sywr,syzx,sy12h,sy12l,sy12o,sy12p,sy12q,sy12t,sy12u,DwUXid,syqu,sy10y,lfLH7b,iup7tb,syzy,syzz,caIpI,HoZOzd,sy10x,gloy4c,syir,DbMgjb,syk6,sykd,syil,syk9,syke,sykf,sykg,Ej1GZe,HB86X,syr7,cOUdKf,syhe,syhf,syhi,syhc,syhl,syh8,syhd,syhr,syhs,syhu,syi5,syh9,syha,syhb,syht,syi7,syi8,syi9,syib,IX2nu,syko,sy112,syqp,syqr,syq2,syqb,sy111,syqs,syzs,sy110,sy114,sy115,sy113,sy116,SfzLG,syiu,syik,syit,syiw,syix,syiy,syiz,syj4,syj5,cOx5wc,wEFNxf,VJb21,syim,dIlGPe,symx,syqa,sy137,sy13d,sy13e,sy135,sy136,sy118,sy13a,sy117,sy134,sy139,sy13m,sy13o,sy13g,sy13n,OnuNOd,QRBA7,c05nGd,syje,syjf,kIBXo,c5Y3Jd,syrr,dBhIIb,syrs,R4KMEc,syrx,symf,syru,syrv,syrw,Rq56oe,GsKwm,syri,NTOqGc,Ejw5zd,g6RDif,syl2,symv,symw,syl1,symu,syml,symo",script
2026-05-19T09:13:21.477Z,GET,"https://www.gstatic.com/og/_/js/k=og.asy.en_US.nTJ49ae9eb0.2019.O/rt=j/m=_ac,_awd,adrc,ada,lldp,qads/exm=/d=1/ed=1/rs=AA2YrTvqrPgJWxehMQEwEFTNHj1horWEYQ",script
2026-05-19T09:13:21.793Z,GET,https://lh7-rt.googleusercontent.com/sitesz/AClOY7oBqFQ0JScdB8tYOlQqomx7CD8gIcwY4YkvWRdcO-fYxBCGEzzDcd72szjiQTsHWkCyGNBw8m1ojZC8U8nCjd43_ED0IEsjdyeUlISWzJCeQulj09WGigavp-HCKasjN3sD7ctX_hqeCco7F12jh18BmFtaml9-8q6YQmlxVeWfKVVkH-8=s2048?key=YN6GLtuWqxGWPunWVbTaJw,image
2026-05-19T09:13:21.794Z,GET,https://lh7-rt.googleusercontent.com/sitesz/AClOY7q1O43070S6pi2TqDCdM9Zs-k-arxvXA34XkDKhCbJxKhtwoh9ZWQ1AgLSGzkmdhIie70B0Euy7JEHP1dC6mCX_v0calLDxT1JxdnMBL5FE0LV88WtlhWjoFcm1-yjsGmBeCnIR_XKRO7RcrK4mW5kGHfkTN-88PkNBmtYD-4KHTWK64cc-=s2048?key=YN6GLtuWqxGWPunWVbTaJw,image
2026-05-19T09:13:21.794Z,GET,https://lh7-rt.googleusercontent.com/sitesz/AClOY7oW8XyIib9EIUJ2rPw4U3QyUsnrdf7jiNQCPe4tNavmYSK99KPWGrEyHNTn8gK7NGJVYWywc-MW0W8d_BmOrpXTWRXYmzd_KbwRAm5xfaJgG2a1_22U5toeGahdmCpAceEE2mSfxgs-BUngu5TVh4W7qc-DCcLjxI4eTo3dwnRo-2eHWuM=s2048?key=YN6GLtuWqxGWPunWVbTaJw,image
2026-05-19T09:13:21.795Z,GET,https://fonts.gstatic.com/s/sourcecodepro/v31/HI_diYsKILxRpg3hIP6sJ7fM7PqPMcMnZFqUwX28DMyQtM9rTA.woff2,font
2026-05-19T09:13:21.795Z,GET,https://fonts.gstatic.com/s/ebgaramond/v32/SlGDmQSNjdsmc35JDF1K5E55YMjF_7DPuGi-6_RkAo9_.woff2,font
2026-05-19T09:13:21.846Z,GET,https://fonts.gstatic.com/s/inter/v20/UcCO3FwrK3iLTeHuS_nVMrMxCp50SjIw2boKoduKmMEVuLyfAZlhiA.woff2,font
2026-05-19T09:13:21.846Z,GET,"https://www.gstatic.com/_/atari/_/js/k=atari.ed.en.GSOzXGrC-mw.O/am=CCDAAcA/d=0/rs=AGEqA5n28l8xPqKGPG90UOjPIEdu5U9UQA/m=symp,ID6w3,syjk,sy4m,syl4,sykx,syl0,symt,symn,syms,AxFSBd,sltWod,sy4n,syjo,syks,sykt,sykv,syl8,sykw,syla,symm,sykk,TjQiFd,NWYSvd,VDyLye,syku,symk,JwUZfc,Jhj80b,UAZdJd,symr,iyamkb,nfD7d,Ug5LZd,symq,syn4,yZUqhf,syn3,x0QGj,syzc,zPVmGf,gmoalb,F1l7T,RSDJge,syrl,syrm,syrn,syro,syrp,syrq,sy3c,OCQw0c,zsxDDf,synq,synh,syno,sypf,synx,synw,syot,sypg,syoo,syos,synp,syph,syny,syop,syo4,syod,synm,syom,syon,synz,syof,syol,syoq,syov,synu,synv,syo6,syni,synk,synn,syoi,syoj,syns,syok,syor,syou,syow,syoy,synt,syo3,syp2,syp6,syp7,synr,sypl,sypm,syoe,syog,syoh,synl,syox,syo5,syp4,syp5,syp3,sypc,sypa,sypk,sypn,synj,syo2,syo8,syo7,syo9,syoa,sypi,sypj,sypb,sypo,sypp,sypq,sypr,syps,sypd,syob,syo1,syoz,syp0,syp1,sype,sypu,syo0,sypt,eHSQ1b,sytb,vMz2j,PykXRc,wUfuDc,RCLHgd,WRX7Cb,L0nLod,emgAAf,fdDSzd,SyzwCe,syug,syuk,syum,syup,syuo,syuj,syv2,syuu,syuw,syv3,syv4,syv6,syuc,syus,syut,syuy,syue,syuz,syv1,syuv,syv7,syv5,syv8,syun,syuf,syux,syui,syvl,syu9,syul,syv0,syva,syu2,sysc,sysd,sysf,sysh,sysj,syud,sytv,syua,sytz,syuh,syuq,syur,syv9,syvg,syvh,syvy,syvz,syw0,syw2,syu3,sysi,syvm,syvk,sytx,syu0,syu1,syu4,syvb,syvc,syu6,YYmHzb,sysg,sysl,sysm,syso,syse,sysx,syx9,syvd,syty,KTZF7d,sywe,sysk,sysr,syt1,syy1,syy3,syyf,syyg,syxa,syxb,syxx,sytw,syu8,syve,syvf,syvj,sywa,sywb,sywc,syub,sywd,syvt,syvr,syvs,sywm,sywo,sysb,syss,syst,syy4,syy5,syyd,syy8,syy6,syya,syyb,syye,syyh,syxc,syxg,syr0,syx6,syxy,syxo,syu5,syvq,sywl,sywn,sywp,syy2,syy7,syyc,sywz,syx1,syxd,syxe,syxf,syxh,syxi,syx5,syxj,syxk,syxl,syxm,syxn,syxp,syxq,syxr,sytd,wC499,syvi,syvo,sywj,sywk,sywx,syww,syx0,sysp,syy9,syyi,syyj,sywy,syx7,syxs,syxu,syxt,syxv,syxw,syxz,syy0,DTqLad,NEF5Ff,sywu,sywv,syx2,syx3,syx8,t8Uszd,Vjf3z",script
2026-05-19T09:13:21.847Z,GET,"https://www.gstatic.com/_/atari/_/js/k=atari.ed.en.GSOzXGrC-mw.O/am=CCDAAcA/d=0/rs=AGEqA5n28l8xPqKGPG90UOjPIEdu5U9UQA/m=sy3z,lotrqd,sy6z,sy6y,XOQYwb,QqiHSe,J6OSMd,Xtvwxb,nTZgK,syqm,dtT8pd,syql,syqn,P8eaqc,e2jnoe,hgI40b,a327wf,S7cYue,syq7,qRyLof,NSUVMc,sy11e,mXE7Yb,a2FcF,ErY4Oe,syqy,Z05xpe,WVI0Db,sy11b,sy11s,sy11v,sy125,sy12e,sy12g,sy11c,sy11r,sy11t,sy128,sy12f,sy12d,sy12i,sy12b,sy11h,sy129,sy11g,sy13w,bsFOnf,syqo,sy109,sy10a,sy10c,sy108,sy106,sy10b,sy10h,sy10k,sy10j,U53M4e,ch2rgb,qO5oyb,LGxiwe,wDMUGb,syzi,syzj,R6HXdb,Hqpy5b,qlRUQ,ZcrXCe,NhPth,syry,sys3,i14ksb,qphtVb,x5X1Ge,YNA1Tb,syzo,syzl,syzk,syzm,syzn,syzq,syzr,BH3Ngf,ZTPZPd,sys8,sys9,syyw,sy120,sysn,sy11k,sy140,sy14y,sy14z,sy150,sy14u,sy144,sysz,sy152,sy14e,sy14t,sy149,syyx,sy11w,sy14s,syyq,sy11z,sy12k,sy141,sy143,sy14q,sy151,sy153,sy145,sy14k,sy14a,sy146,sy154,sy14d,sy14g,sy11p,sy12j,sy14i,sy14j,sy123,sy14m,sysv,syz4,syz6,syz8,sy14r,sy14x,sy156,febLed,syz3,sy127,nDlqbd,sy13z,sy142,sy147,sy148,sy14b,sy14c,sy14f,sy14h,sy14l,sy14n,sy14o,sy14p,sy14v,sy14w,sy155,sy157,sy158,sy159,fHCw3c,sy10m,sy10l,sy13r,yg78R,sy13v,qP0iad,sy11f,yE2wme,sy13x,AeOOZc,sy15e,sy15f,sy15a,sysy,sy13j,sy15b,sy15c,sy15d,sy15g,nV1Z8c,JoBide,nd7ABd,syq6,pktFEe,A8M0R,AjGTXd,JJBWd,sypz,syq0,sy12x,eKvtYd,B83o6d,NJ5Ue,rzFoYe,Vrf0E,Qk7Ubf,zcp5kd,A5mc9c,h4XkYd,IXzqr,lWdfif,bXaebf,sy11a,eY7ywe,d1jXuc,dgEsDd,y5Ctsc,N6t09e,xA1Nzd,syzf,OaKrge,syzg,syzh,tbQzUe,RULced,syjs,KNQlS,vFDoYb",script
2026-05-19T09:13:21.847Z,GET,https://www.gstatic.com/feedback/js/help/prod/service/lazy.min.js,script
2026-05-19T09:13:21.856Z,GET,https://www.gstatic.com/_/atari/_/js/k=atari.ed.en.GSOzXGrC-mw.O/am=CCDAAcA/d=0/rs=AGEqA5n28l8xPqKGPG90UOjPIEdu5U9UQA/m=qyNYg,script
2026-05-19T09:13:22.262Z,GET,https://fonts.gstatic.com/s/inter/v20/UcCO3FwrK3iLTeHuS_nVMrMxCp50SjIw2boKoduKmMEVuLyeMZ0.woff2,font
2026-05-19T09:13:22.276Z,GET,https://fonts.gstatic.com/s/inter/v20/UcCO3FwrK3iLTeHuS_nVMrMxCp50SjIw2boKoduKmMEVuDyfMZ0.woff2,font
2026-05-19T09:13:22.281Z,GET,https://sites.google.com/u/0/d/1NjuZKIVbHZ1Eu10zCTi2JtvM0kjkKf2N/newpagecosmoid?zx=3tlbd2pxxg0c&token=AHL0AtJSh7U3w0imTXuMb4m9QKL9eiihjQ%3A1779181999544&authuser=0&nded=false,xhr
2026-05-19T09:13:22.325Z,GET,https://fonts.gstatic.com/s/inter/v20/UcCO3FwrK3iLTeHuS_nVMrMxCp50SjIw2boKoduKmMEVuDyYMZ0.woff2,font
2026-05-19T09:13:22.325Z,GET,https://fonts.gstatic.com/s/inter/v20/UcCO3FwrK3iLTeHuS_nVMrMxCp50SjIw2boKoduKmMEVuOKfMZ0.woff2,font
2026-05-19T09:13:22.326Z,GET,https://www.gstatic.com/_/atari/_/js/k=atari.ed.en.GSOzXGrC-mw.O/am=CCDAAcA/d=0/rs=AGEqA5n28l8xPqKGPG90UOjPIEdu5U9UQA/m=YV8yqd,script
2026-05-19T09:13:22.326Z,GET,https://fonts.gstatic.com/s/inter/v20/UcCM3FwrK3iLTcvneQg7Ca725JhhKnNqk4j1ebLhAm8SrXTcWdxhiA.woff2,font
2026-05-19T09:13:22.327Z,GET,https://sites.google.com/u/0/d/1NjuZKIVbHZ1Eu10zCTi2JtvM0kjkKf2N/newpagecosmoid?zx=59vtjel3ioik&token=AHL0AtJSh7U3w0imTXuMb4m9QKL9eiihjQ%3A1779181999544&authuser=0&nded=false,xhr
2026-05-19T09:13:22.331Z,GET,https://sites.google.com/u/0/d/1NjuZKIVbHZ1Eu10zCTi2JtvM0kjkKf2N/test?id=1NjuZKIVbHZ1Eu10zCTi2JtvM0kjkKf2N&sid=5730572fc021f33b&token=AHL0AtJSh7U3w0imTXuMb4m9QKL9eiihjQ%3A1779181999544&authuser=0&nded=false&VER=8&lsq=-1&u=08309635880110475942&w=1&flr=0&gsi=0&smv=NaN&cimpl=0&MODE=init&zx=8cw329fsidgm&t=1,xhr
2026-05-19T09:13:22.332Z,GET,https://sites.google.com/u/0/d/1NjuZKIVbHZ1Eu10zCTi2JtvM0kjkKf2N/trash/read?id=1NjuZKIVbHZ1Eu10zCTi2JtvM0kjkKf2N&token=AHL0AtJSh7U3w0imTXuMb4m9QKL9eiihjQ%3A1779181999544&authuser=0&nded=false,xhr
2026-05-19T09:13:22.342Z,GET,https://fonts.gstatic.com/s/inter/v20/UcCM3FwrK3iLTcvneQg7Ca725JhhKnNqk4j1ebLhAm8SrXTcB9xhiA.woff2,font
2026-05-19T09:13:22.343Z,GET,https://fonts.gstatic.com/s/inter/v20/UcCM3FwrK3iLTcvneQg7Ca725JhhKnNqk4j1ebLhAm8SrXTccNxhiA.woff2,font
2026-05-19T09:13:22.353Z,GET,https://fonts.gstatic.com/s/inter/v20/UcCM3FwrK3iLTcvneQg7Ca725JhhKnNqk4j1ebLhAm8SrXTc69thiA.woff2,font
2026-05-19T09:13:22.353Z,GET,https://fonts.gstatic.com/s/inter/v20/UcCO3FwrK3iLTeHuS_nVMrMxCp50SjIw2boKoduKmMEVuI6fMZ0.woff2,font
2026-05-19T09:13:22.356Z,GET,https://sites.google.com/u/0/d/1NjuZKIVbHZ1Eu10zCTi2JtvM0kjkKf2N/peruserchrome?id=1NjuZKIVbHZ1Eu10zCTi2JtvM0kjkKf2N&token=AHL0AtJSh7U3w0imTXuMb4m9QKL9eiihjQ%3A1779181999544&authuser=0&nded=false,xhr
2026-05-19T09:13:22.356Z,GET,https://fonts.gstatic.com/s/inter/v20/UcCM3FwrK3iLTcvneQg7Ca725JhhKnNqk4j1ebLhAm8SrXTch9thiA.woff2,font
2026-05-19T09:13:22.379Z,GET,https://fonts.gstatic.com/s/inter/v20/UcCM3FwrK3iLTcvneQg7Ca725JhhKnNqk4j1ebLhAm8SrXTcWdthiA.woff2,font
2026-05-19T09:13:22.380Z,GET,https://fonts.gstatic.com/s/inter/v20/UcCM3FwrK3iLTcvneQg7Ca725JhhKnNqk4j1ebLhAm8SrXTc2dphiA.woff2,font
2026-05-19T09:13:22.381Z,GET,https://fonts.gstatic.com/s/inter/v20/UcCO3FwrK3iLTeHuS_nVMrMxCp50SjIw2boKoduKmMEVuBWYMZ0.woff2,font
2026-05-19T09:13:22.381Z,GET,https://sites.google.com/u/0/d/1NjuZKIVbHZ1Eu10zCTi2JtvM0kjkKf2N/newpagecosmoid?zx=7t1fa2eu5iva&token=AHL0AtJSh7U3w0imTXuMb4m9QKL9eiihjQ%3A1779181999544&authuser=0&nded=false,xhr
2026-05-19T09:13:22.393Z,GET,https://fonts.gstatic.com/s/inter/v20/UcCO3FwrK3iLTeHuS_nVMrMxCp50SjIw2boKoduKmMEVuGKYMZ0.woff2,font
2026-05-19T09:13:22.394Z,POST,https://sites.google.com/u/0/d/1NjuZKIVbHZ1Eu10zCTi2JtvM0kjkKf2N/s/premadelayouts?token=AHL0AtJSh7U3w0imTXuMb4m9QKL9eiihjQ%3A1779181999544&authuser=0&nded=false,xhr
2026-05-19T09:13:22.405Z,GET,https://www.gstatic.com/_/atari/_/js/k=atari.ed.en.GSOzXGrC-mw.O/am=CCDAAcA/d=0/rs=AGEqA5n28l8xPqKGPG90UOjPIEdu5U9UQA/m=CTHYib,script
2026-05-19T09:13:22.406Z,POST,https://sites.google.com/u/0/d/1NjuZKIVbHZ1Eu10zCTi2JtvM0kjkKf2N/checkdomainthemespolicy?token=AHL0AtJSh7U3w0imTXuMb4m9QKL9eiihjQ%3A1779181999544&authuser=0&nded=false,xhr
2026-05-19T09:13:22.491Z,POST,https://sites.google.com/u/0/d/1NjuZKIVbHZ1Eu10zCTi2JtvM0kjkKf2N/font/getmetadata?id=1NjuZKIVbHZ1Eu10zCTi2JtvM0kjkKf2N&token=AHL0AtJSh7U3w0imTXuMb4m9QKL9eiihjQ%3A1779181999544&authuser=0&nded=false,xhr
2026-05-19T09:13:22.491Z,GET,https://fonts.gstatic.com/s/ebgaramond/v32/SlGDmQSNjdsmc35JDF1K5E55YMjF_7DPuGi-2fRUBg.woff2,font
2026-05-19T09:13:22.503Z,GET,https://fonts.gstatic.com/s/ebgaramond/v32/SlGDmQSNjdsmc35JDF1K5E55YMjF_7DPuGi-NfNUBg.woff2,font
2026-05-19T09:13:22.510Z,GET,https://fonts.gstatic.com/s/ebgaramond/v32/SlGDmQSNjdsmc35JDF1K5E55YMjF_7DPuGi-a_NUBg.woff2,font
2026-05-19T09:13:22.511Z,GET,"https://www.gstatic.com/_/atari/_/js/k=atari.ed.en.GSOzXGrC-mw.O/am=CCDAAcA/d=0/rs=AGEqA5n28l8xPqKGPG90UOjPIEdu5U9UQA/m=NLDnK,hU0nAf,sy18l,utz9F,sy18n,bbKX0d,sy181,rarsed,sy180,sy185,sy18e,YbzfXd",script
2026-05-19T09:13:22.540Z,GET,https://fonts.gstatic.com/s/ebgaramond/v32/SlGFmQSNjdsmc35JDF1K5GRwUjcdlttVFm-rI7eOQI9_.woff2,font
2026-05-19T09:13:22.541Z,GET,https://fonts.gstatic.com/s/ebgaramond/v32/SlGFmQSNjdsmc35JDF1K5GRwUjcdlttVFm-rI7diR49_.woff2,font
2026-05-19T09:13:22.541Z,GET,https://fonts.gstatic.com/s/ebgaramond/v32/SlGFmQSNjdsmc35JDF1K5GRwUjcdlttVFm-rI7c8R49_.woff2,font
2026-05-19T09:13:22.541Z,GET,https://fonts.gstatic.com/s/amaticsc/v28/TUZyzwprpvBS1izr_vOEDOSf.woff2,font
2026-05-19T09:13:22.543Z,GET,https://fonts.gstatic.com/s/caveat/v23/WnznHAc5bAfYB2QRah7pcpNvOx-pjfJ9eIOpYQ.woff2,font
2026-05-19T09:13:22.543Z,GET,https://fonts.gstatic.com/s/comfortaa/v47/1Pt_g8LJRfWJmhDAuUsSQamb1W0lwk4S4WjMDrUfIA.woff2,font
2026-05-19T09:13:22.543Z,GET,https://fonts.gstatic.com/s/lexend/v26/wlptgwvFAVdoq2_F94zlCfv0bz1WCzsWzLFneg.woff2,font
2026-05-19T09:13:22.544Z,GET,https://fonts.gstatic.com/s/lobster/v32/neILzCirqoswsqX9zoSmMw.woff2,font
2026-05-19T09:13:22.544Z,GET,https://fonts.gstatic.com/s/lora/v37/0QI6MX1D_JOuGQbT0gvTJPa787weuxJHkq0.woff2,font
2026-05-19T09:13:22.544Z,GET,https://fonts.gstatic.com/s/merriweather/v33/u-4D0qyriQwlOrhSvowK_l5UcA6zuSYEqOzpPe3HOZJ5eX1WtLaQwmYiScCmDxhtNOKl8yDr3icaEl31.woff2,font
2026-05-19T09:13:22.544Z,GET,https://fonts.gstatic.com/s/montserrat/v31/JTUHjIg1_i6t8kCHKm4532VJOt5-QNFgpCtr6Hw_aXo.woff2,font
2026-05-19T09:13:22.547Z,GET,https://fonts.gstatic.com/s/nunito/v32/XRXI3I6Li01BKofiOc5wtlZ2di8HDLshdTI3jw.woff2,font
2026-05-19T09:13:22.547Z,GET,https://fonts.gstatic.com/s/oswald/v57/TK3_WkUHHAIjg75cFRf3bXL8LICs1_FvsUBiZQ.woff2,font
2026-05-19T09:13:22.547Z,GET,https://fonts.gstatic.com/s/pacifico/v23/FwZY7-Qmy14u9lezJ-6B6Mk.woff2,font
2026-05-19T09:13:22.547Z,GET,https://fonts.gstatic.com/s/playfairdisplay/v40/nuFvD-vYSZviVYUb_rj3ij__anPXJzDwcbmjWBN2PKdFvXDRbtM.woff2,font
2026-05-19T09:13:22.547Z,GET,https://fonts.gstatic.com/s/roboto/v51/KFOMCnqEu92Fr1ME7kSn66aGLdTylUAMQXC89YmC2DPNWubEbVmSiAo.woff2,font
2026-05-19T09:13:22.547Z,GET,https://fonts.gstatic.com/s/robotomono/v31/L0xuDF4xlVMF-BfR8bXMIhJHg45mwgGEFl0_3vq_QuW4.woff2,font
2026-05-19T09:13:22.547Z,GET,https://fonts.gstatic.com/s/robotoserif/v17/R71RjywflP6FLr3gZx7K8UyuXDs9zVwDmXCb8lxYgmuii32UGoVldX6UgfjL4-3sMM_kB_qXSEXTJQCFLH5-_bcEliotl6Z8AA.woff2,font
2026-05-19T09:13:22.547Z,GET,https://fonts.gstatic.com/s/spectral/v15/rnCr-xNNww_2s0amA9M_kng.woff2,font
2026-05-19T09:13:22.548Z,GET,https://fonts.gstatic.com/s/amaticsc/v28/TUZyzwprpvBS1izr_vO0CA.woff2,font
2026-05-19T09:13:22.548Z,GET,https://fonts.gstatic.com/s/amaticsc/v28/TUZ3zwprpvBS1izr_vOMscG6fA.woff2,font
2026-05-19T09:13:22.599Z,GET,https://fonts.gstatic.com/s/caveat/v23/WnznHAc5bAfYB2QRah7pcpNvOx-pjfJ9SIc.woff2,font
2026-05-19T09:13:22.599Z,GET,https://fonts.gstatic.com/s/caveat/v23/WnznHAc5bAfYB2QRah7pcpNvOx-pjRV6SIc.woff2,font
2026-05-19T09:13:22.602Z,GET,https://fonts.gstatic.com/s/comfortaa/v47/1Pt_g8LJRfWJmhDAuUsSQamb1W0lwk4S4WjMPrE.woff2,font
2026-05-19T09:13:22.602Z,GET,https://fonts.gstatic.com/s/comfortaa/v47/1Pt_g8LJRfWJmhDAuUsSQamb1W0lwk4S4Y_LPrE.woff2,font
2026-05-19T09:13:22.602Z,GET,https://fonts.gstatic.com/s/lexend/v26/wlptgwvFAVdoq2_F94zlCfv0bz1WCzsW_LU.woff2,font
2026-05-19T09:13:22.602Z,GET,https://fonts.gstatic.com/s/lexend/v26/wlptgwvFAVdoq2_F94zlCfv0bz1WC9wR_LU.woff2,font
2026-05-19T09:13:22.602Z,GET,https://fonts.gstatic.com/s/lobster/v32/neILzCirqoswsqX9_oA.woff2,font
2026-05-19T09:13:22.603Z,GET,https://fonts.gstatic.com/s/lora/v37/0QI6MX1D_JOuGQbT0gvTJPa787weuyJD.woff2,font
2026-05-19T09:13:22.604Z,GET,https://fonts.gstatic.com/s/lora/v37/0QI6MX1D_JOuGQbT0gvTJPa787z5vCJD.woff2,font
2026-05-19T09:13:22.604Z,GET,https://fonts.gstatic.com/s/lora/v37/0QI8MX1D_JOuMw_hLdO6T2wV9KnW-MoFkq0.woff2,font
2026-05-19T09:13:22.604Z,GET,https://fonts.gstatic.com/s/lora/v37/0QI8MX1D_JOuMw_hLdO6T2wV9KnW-C0Ckq0.woff2,font
2026-05-19T09:13:22.611Z,GET,https://fonts.gstatic.com/s/merriweather/v33/u-4D0qyriQwlOrhSvowK_l5UcA6zuSYEqOzpPe3HOZJ5eX1WtLaQwmYiScCmDxhtNOKl8yDr3icqFg.woff2,font
2026-05-19T09:13:22.626Z,GET,https://fonts.gstatic.com/s/merriweather/v33/u-4D0qyriQwlOrhSvowK_l5UcA6zuSYEqOzpPe3HOZJ5eX1WtLaQwmYiScCmDxhtNOKl8yDrOSAqFg.woff2,font
2026-05-19T09:13:22.689Z,GET,https://fonts.gstatic.com/s/merriweather/v33/u-4B0qyriQwlOrhSvowK_l5-eTxCVx0ZbwLvKH2Gk9hLmp0v5yA-xXPqCzLvPee1XYk_XSf-FmTCUF31.woff2,font
2026-05-19T09:13:22.692Z,GET,https://fonts.gstatic.com/s/merriweather/v33/u-4B0qyriQwlOrhSvowK_l5-eTxCVx0ZbwLvKH2Gk9hLmp0v5yA-xXPqCzLvPee1XYk_XSf-FmQlV131.woff2,font
2026-05-19T09:13:22.692Z,GET,https://fonts.gstatic.com/s/montserrat/v31/JTUHjIg1_i6t8kCHKm4532VJOt5-QNFgpCtr6Ew7.woff2,font
2026-05-19T09:13:22.692Z,GET,https://fonts.gstatic.com/s/montserrat/v31/JTUHjIg1_i6t8kCHKm4532VJOt5-QNFgpCuM70w7.woff2,font
2026-05-19T09:13:22.692Z,GET,https://fonts.gstatic.com/s/montserrat/v31/JTUFjIg1_i6t8kCHKm459Wx7xQYXK0vOoz6jq6R9aXo.woff2,font
2026-05-19T09:13:22.692Z,GET,https://fonts.gstatic.com/s/montserrat/v31/JTUFjIg1_i6t8kCHKm459Wx7xQYXK0vOoz6jq0N6aXo.woff2,font
2026-05-19T09:13:22.696Z,POST,https://sites.google.com/u/0/d/1NjuZKIVbHZ1Eu10zCTi2JtvM0kjkKf2N/editactions/getembedinfo?token=AHL0AtJSh7U3w0imTXuMb4m9QKL9eiihjQ%3A1779181999544&authuser=0&nded=false,xhr
2026-05-19T09:13:22.696Z,GET,https://fonts.gstatic.com/s/nunito/v32/XRXI3I6Li01BKofiOc5wtlZ2di8HDLshRTY.woff2,font
2026-05-19T09:13:22.696Z,GET,https://fonts.gstatic.com/s/nunito/v32/XRXI3I6Li01BKofiOc5wtlZ2di8HDFwmRTY.woff2,font
2026-05-19T09:13:22.696Z,GET,https://fonts.gstatic.com/s/nunito/v32/XRXK3I6Li01BKofIMPyPbj8d7IEAGXNirXA3jw.woff2,font
2026-05-19T09:13:22.696Z,GET,https://fonts.gstatic.com/s/nunito/v32/XRXK3I6Li01BKofIMPyPbj8d7IEAGXNiSnc3jw.woff2,font
2026-05-19T09:13:22.721Z,POST,https://sites.google.com/u/0/d/1NjuZKIVbHZ1Eu10zCTi2JtvM0kjkKf2N/fetchthemes?token=AHL0AtJSh7U3w0imTXuMb4m9QKL9eiihjQ%3A1779181999544&authuser=0&nded=false,xhr
2026-05-19T09:13:22.722Z,GET,https://fonts.gstatic.com/s/oswald/v57/TK3_WkUHHAIjg75cFRf3bXL8LICs1_FvgUQ.woff2,font
2026-05-19T09:13:22.722Z,GET,https://fonts.gstatic.com/s/oswald/v57/TK3_WkUHHAIjg75cFRf3bXL8LICs1xZogUQ.woff2,font
2026-05-19T09:13:22.722Z,GET,https://fonts.gstatic.com/s/pacifico/v23/FwZY7-Qmy14u9lezJ96F.woff2,font
2026-05-19T09:13:22.722Z,GET,https://fonts.gstatic.com/s/playfairdisplay/v40/nuFvD-vYSZviVYUb_rj3ij__anPXJzDwcbmjWBN2PKdFvUDV.woff2,font
2026-05-19T09:13:22.733Z,GET,https://fonts.gstatic.com/s/playfairdisplay/v40/nuFvD-vYSZviVYUb_rj3ij__anPXJzDwcbmjWBN2PKeiukDV.woff2,font
2026-05-19T09:13:22.735Z,GET,https://fonts.gstatic.com/s/playfairdisplay/v40/nuFRD-vYSZviVYUb_rj3ij__anPXDTnCjmHKM4nYO7KN_qiTbtM.woff2,font
2026-05-19T09:13:22.737Z,GET,https://fonts.gstatic.com/s/playfairdisplay/v40/nuFRD-vYSZviVYUb_rj3ij__anPXDTnCjmHKM4nYO7KN_k-UbtM.woff2,font
2026-05-19T09:13:22.773Z,GET,https://fonts.gstatic.com/s/roboto/v51/KFOMCnqEu92Fr1ME7kSn66aGLdTylUAMQXC89YmC2DPNWubEbWmW.woff2,font
2026-05-19T09:13:22.773Z,GET,https://fonts.gstatic.com/s/roboto/v51/KFOMCnqEu92Fr1ME7kSn66aGLdTylUAMQXC89YmC2DPNWuYjammW.woff2,font
2026-05-19T09:13:22.773Z,GET,https://fonts.gstatic.com/s/roboto/v51/KFOKCnqEu92Fr1Mu53ZEC9_Vu3r1gIhOszmOClHrs6ljXfMMLoHQiAo.woff2,font
2026-05-19T09:13:22.773Z,GET,https://fonts.gstatic.com/s/roboto/v51/KFOKCnqEu92Fr1Mu53ZEC9_Vu3r1gIhOszmOClHrs6ljXfMMLmbXiAo.woff2,font
2026-05-19T09:13:22.775Z,GET,https://fonts.gstatic.com/s/robotomono/v31/L0xuDF4xlVMF-BfR8bXMIhJHg45mwgGEFl0_3vqPRg.woff2,font
2026-05-19T09:13:22.778Z,GET,https://fonts.gstatic.com/s/robotomono/v31/L0xuDF4xlVMF-BfR8bXMIhJHg45mwgGEFl0_Of2PRg.woff2,font
2026-05-19T09:13:22.778Z,GET,https://fonts.gstatic.com/s/robotomono/v31/L0xoDF4xlVMF-BfR8bXMIjhOsXG-q2oeuFoqFrlnAOW4.woff2,font
2026-05-19T09:13:22.779Z,POST,https://play.google.com/log?format=json&hasfast=true&authuser=0,fetch
2026-05-19T09:13:22.779Z,POST,https://sites.google.com/u/0/d/1NjuZKIVbHZ1Eu10zCTi2JtvM0kjkKf2N/sitename/list?token=AHL0AtJSh7U3w0imTXuMb4m9QKL9eiihjQ%3A1779181999544&authuser=0&nded=false,xhr
2026-05-19T09:13:22.779Z,GET,https://fonts.gstatic.com/s/robotomono/v31/L0xoDF4xlVMF-BfR8bXMIjhOsXG-q2oeuFoqFrmAB-W4.woff2,font
2026-05-19T09:13:22.779Z,POST,https://sites.google.com/u/0/d/1NjuZKIVbHZ1Eu10zCTi2JtvM0kjkKf2N/_/naLogImpressions?id=1NjuZKIVbHZ1Eu10zCTi2JtvM0kjkKf2N&token=AHL0AtJSh7U3w0imTXuMb4m9QKL9eiihjQ%3A1779181999544&authuser=0&nded=false,xhr
2026-05-19T09:13:22.779Z,POST,https://sites.google.com/u/0/d/1NjuZKIVbHZ1Eu10zCTi2JtvM0kjkKf2N/computedsitemetadata?token=AHL0AtJSh7U3w0imTXuMb4m9QKL9eiihjQ%3A1779181999544&authuser=0&nded=false,xhr
2026-05-19T09:13:22.786Z,GET,https://fonts.gstatic.com/s/robotoserif/v17/R71RjywflP6FLr3gZx7K8UyuXDs9zVwDmXCb8lxYgmuii32UGoVldX6UgfjL4-3sMM_kB_qXSEXTJQCFLH5-_bcEliotp6I.woff2,font
2026-05-19T09:13:22.792Z,POST,https://sites.google.com/u/0/d/1NjuZKIVbHZ1Eu10zCTi2JtvM0kjkKf2N/publish/publishingstatus?token=AHL0AtJSh7U3w0imTXuMb4m9QKL9eiihjQ%3A1779181999544&authuser=0&nded=false,xhr
2026-05-19T09:13:22.792Z,GET,https://fonts.gstatic.com/s/robotoserif/v17/R71RjywflP6FLr3gZx7K8UyuXDs9zVwDmXCb8lxYgmuii32UGoVldX6UgfjL4-3sMM_kB_qXSEXTJQCFLH5-_bcEls0qp6I.woff2,font
2026-05-19T09:13:22.816Z,GET,https://fonts.gstatic.com/s/robotoserif/v17/R71XjywflP6FLr3gZx7K8UyEVQnyR1E7VN-f51xYuGCQepOvB0KLc2v0wKKB0Q4MSZxyqf2CgAchbDJ69BcVZxkDg-JuT-R8AA.woff2,font
2026-05-19T09:13:22.816Z,GET,https://fonts.gstatic.com/s/robotoserif/v17/R71XjywflP6FLr3gZx7K8UyEVQnyR1E7VN-f51xYuGCQepOvB0KLc2v0wKKB0Q4MSZxyqf2CgAchbDJ69BcVZxkDg-JuqON8AA.woff2,font
2026-05-19T09:13:22.817Z,GET,https://fonts.gstatic.com/s/spectral/v15/rnCr-xNNww_2s0amA-M7.woff2,font
2026-05-19T09:13:22.817Z,GET,https://fonts.gstatic.com/s/spectral/v15/rnCt-xNNww_2s0amA9M8kng.woff2,font
2026-05-19T09:13:22.858Z,GET,https://fonts.gstatic.com/s/spectral/v15/rnCs-xNNww_2s0amA9uCt13D.woff2,font
2026-05-19T09:13:22.860Z,GET,https://fonts.gstatic.com/s/spectral/v15/rnCu-xNNww_2s0amA9M8qsHDafY.woff2,font
2026-05-19T09:13:22.860Z,GET,https://fonts.gstatic.com/s/caveat/v23/WnznHAc5bAfYB2QRah7pcpNvOx-pjcB9SIc.woff2,font
2026-05-19T09:13:22.860Z,GET,https://fonts.gstatic.com/s/caveat/v23/WnznHAc5bAfYB2QRah7pcpNvOx-pjSx6SIc.woff2,font
2026-05-19T09:13:22.860Z,GET,https://fonts.gstatic.com/s/comfortaa/v47/1Pt_g8LJRfWJmhDAuUsSQamb1W0lwk4S4TbMPrE.woff2,font
2026-05-19T09:13:22.861Z,GET,https://fonts.gstatic.com/s/comfortaa/v47/1Pt_g8LJRfWJmhDAuUsSQamb1W0lwk4S4VrMPrE.woff2,font
2026-05-19T09:13:22.861Z,GET,https://fonts.gstatic.com/s/comfortaa/v47/1Pt_g8LJRfWJmhDAuUsSQamb1W0lwk4S4bbLPrE.woff2,font
2026-05-19T09:13:22.861Z,GET,https://fonts.gstatic.com/s/lexend/v26/wlptgwvFAVdoq2_F94zlCfv0bz1WCzsX_LU.woff2,font
2026-05-19T09:13:22.863Z,POST,https://appsgrowthpromo-pa.clients6.google.com/v1/promotion/FetchRecommendation?key=AIzaSyD2aoAETJHXO1f_X3uPTOvwcMmDBK5-yEk&alt=protojson,xhr
2026-05-19T09:13:22.863Z,GET,https://fonts.gstatic.com/s/lexend/v26/wlptgwvFAVdoq2_F94zlCfv0bz1WC7sW_LU.woff2,font
2026-05-19T09:13:22.865Z,GET,https://fonts.gstatic.com/s/lexend/v26/wlptgwvFAVdoq2_F94zlCfv0bz1WC2UW_LU.woff2,font
2026-05-19T09:13:22.871Z,GET,https://fonts.gstatic.com/s/lexend/v26/wlptgwvFAVdoq2_F94zlCfv0bz1WCwkW_LU.woff2,font
2026-05-19T09:13:22.871Z,GET,https://fonts.gstatic.com/s/lexend/v26/wlptgwvFAVdoq2_F94zlCfv0bz1WC-UR_LU.woff2,font
2026-05-19T09:13:22.872Z,GET,https://fonts.gstatic.com/s/lexend/v26/wlptgwvFAVdoq2_F94zlCfv0bz1WC7sR_LU.woff2,font
2026-05-19T09:13:22.914Z,GET,https://fonts.gstatic.com/s/lexend/v26/wlptgwvFAVdoq2_F94zlCfv0bz1WC5IR_LU.woff2,font
2026-05-19T09:13:22.914Z,GET,https://fonts.gstatic.com/s/lora/v37/0QI6MX1D_JOuGQbT0gvTJPa787wsuyJD.woff2,font
2026-05-19T09:13:22.914Z,GET,https://fonts.gstatic.com/s/lora/v37/0QI6MX1D_JOuGQbT0gvTJPa787zAvCJD.woff2,font
2026-05-19T09:13:22.914Z,GET,https://fonts.gstatic.com/s/lora/v37/0QI8MX1D_JOuMw_hLdO6T2wV9KnW-PgFkq0.woff2,font
2026-05-19T09:13:22.915Z,GET,https://fonts.gstatic.com/s/lora/v37/0QI8MX1D_JOuMw_hLdO6T2wV9KnW-BQCkq0.woff2,font
2026-05-19T09:13:22.915Z,GET,https://fonts.gstatic.com/s/merriweather/v33/u-4D0qyriQwlOrhSvowK_l5UcA6zuSYEqOzpPe3HOZJ5eX1WtLaQwmYiScCmDxhtNOKl8yDrgCcqFg.woff2,font
2026-05-19T09:13:22.938Z,GET,https://fonts.gstatic.com/s/merriweather/v33/u-4D0qyriQwlOrhSvowK_l5UcA6zuSYEqOzpPe3HOZJ5eX1WtLaQwmYiScCmDxhtNOKl8yDr7CcqFg.woff2,font
2026-05-19T09:13:22.940Z,GET,https://fonts.gstatic.com/s/merriweather/v33/u-4D0qyriQwlOrhSvowK_l5UcA6zuSYEqOzpPe3HOZJ5eX1WtLaQwmYiScCmDxhtNOKl8yDrACAqFg.woff2,font
2026-05-19T09:13:22.985Z,GET,https://fonts.gstatic.com/s/merriweather/v33/u-4D0qyriQwlOrhSvowK_l5UcA6zuSYEqOzpPe3HOZJ5eX1WtLaQwmYiScCmDxhtNOKl8yDrXiAqFg.woff2,font
2026-05-19T09:13:22.986Z,GET,https://fonts.gstatic.com/s/merriweather/v33/u-4D0qyriQwlOrhSvowK_l5UcA6zuSYEqOzpPe3HOZJ5eX1WtLaQwmYiScCmDxhtNOKl8yDrdyAqFg.woff2,font
2026-05-19T09:13:22.986Z,GET,https://fonts.gstatic.com/s/merriweather/v33/u-4B0qyriQwlOrhSvowK_l5-eTxCVx0ZbwLvKH2Gk9hLmp0v5yA-xXPqCzLvPee1XYk_XSf-FmScUF31.woff2,font
2026-05-19T09:13:22.991Z,GET,https://fonts.gstatic.com/s/merriweather/v33/u-4B0qyriQwlOrhSvowK_l5-eTxCVx0ZbwLvKH2Gk9hLmp0v5yA-xXPqCzLvPee1XYk_XSf-FmTwUF31.woff2,font
2026-05-19T09:13:22.995Z,POST,https://ogads-pa.clients6.google.com/$rpc/google.internal.onegoogle.asyncdata.v1.AsyncDataService/GetAsyncData,xhr
2026-05-19T09:13:23.027Z,GET,https://fonts.gstatic.com/s/merriweather/v33/u-4B0qyriQwlOrhSvowK_l5-eTxCVx0ZbwLvKH2Gk9hLmp0v5yA-xXPqCzLvPee1XYk_XSf-FmQcV131.woff2,font
2026-05-19T09:13:23.028Z,GET,https://fonts.gstatic.com/s/merriweather/v33/u-4B0qyriQwlOrhSvowK_l5-eTxCVx0ZbwLvKH2Gk9hLmp0v5yA-xXPqCzLvPee1XYk_XSf-FmRCV131.woff2,font
2026-05-19T09:13:23.029Z,GET,https://fonts.gstatic.com/s/merriweather/v33/u-4B0qyriQwlOrhSvowK_l5-eTxCVx0ZbwLvKH2Gk9hLmp0v5yA-xXPqCzLvPee1XYk_XSf-FmRrV131.woff2,font
2026-05-19T09:13:23.031Z,GET,https://fonts.gstatic.com/s/montserrat/v31/JTUHjIg1_i6t8kCHKm4532VJOt5-QNFgpCtr6Uw7.woff2,font
2026-05-19T09:13:23.033Z,POST,https://play.google.com/log?format=json&hasfast=true&authuser=0,fetch
2026-05-19T09:13:23.061Z,GET,https://fonts.gstatic.com/s/montserrat/v31/JTUHjIg1_i6t8kCHKm4532VJOt5-QNFgpCvr6Ew7.woff2,font
2026-05-19T09:13:23.062Z,GET,https://fonts.gstatic.com/s/montserrat/v31/JTUHjIg1_i6t8kCHKm4532VJOt5-QNFgpCs16Ew7.woff2,font
2026-05-19T09:13:23.062Z,GET,https://fonts.gstatic.com/s/montserrat/v31/JTUHjIg1_i6t8kCHKm4532VJOt5-QNFgpCtZ6Ew7.woff2,font
2026-05-19T09:13:23.063Z,GET,https://fonts.gstatic.com/s/montserrat/v31/JTUHjIg1_i6t8kCHKm4532VJOt5-QNFgpCu170w7.woff2,font
2026-05-19T09:13:23.063Z,GET,https://fonts.gstatic.com/s/montserrat/v31/JTUHjIg1_i6t8kCHKm4532VJOt5-QNFgpCvr70w7.woff2,font
2026-05-19T09:13:23.063Z,GET,https://fonts.gstatic.com/s/montserrat/v31/JTUHjIg1_i6t8kCHKm4532VJOt5-QNFgpCvC70w7.woff2,font
2026-05-19T09:13:23.098Z,GET,https://fonts.gstatic.com/s/montserrat/v31/JTUFjIg1_i6t8kCHKm459Wx7xQYXK0vOoz6jq6R8aXo.woff2,font
2026-05-19T09:13:23.099Z,GET,https://fonts.gstatic.com/s/montserrat/v31/JTUFjIg1_i6t8kCHKm459Wx7xQYXK0vOoz6jqyR9aXo.woff2,font
2026-05-19T09:13:23.099Z,GET,https://fonts.gstatic.com/s/montserrat/v31/JTUFjIg1_i6t8kCHKm459Wx7xQYXK0vOoz6jq_p9aXo.woff2,font
2026-05-19T09:13:23.099Z,GET,https://fonts.gstatic.com/s/montserrat/v31/JTUFjIg1_i6t8kCHKm459Wx7xQYXK0vOoz6jq5Z9aXo.woff2,font
2026-05-19T09:13:23.099Z,GET,https://fonts.gstatic.com/s/montserrat/v31/JTUFjIg1_i6t8kCHKm459Wx7xQYXK0vOoz6jq3p6aXo.woff2,font
2026-05-19T09:13:23.100Z,GET,https://fonts.gstatic.com/s/montserrat/v31/JTUFjIg1_i6t8kCHKm459Wx7xQYXK0vOoz6jqyR6aXo.woff2,font
2026-05-19T09:13:23.101Z,GET,https://fonts.gstatic.com/s/montserrat/v31/JTUFjIg1_i6t8kCHKm459Wx7xQYXK0vOoz6jqw16aXo.woff2,font
2026-05-19T09:13:23.127Z,GET,https://fonts.gstatic.com/s/nunito/v32/XRXI3I6Li01BKofiOc5wtlZ2di8HDDshRTY.woff2,font
2026-05-19T09:13:23.127Z,GET,https://fonts.gstatic.com/s/nunito/v32/XRXI3I6Li01BKofiOc5wtlZ2di8HDOUhRTY.woff2,font
2026-05-19T09:13:23.128Z,GET,https://fonts.gstatic.com/s/nunito/v32/XRXI3I6Li01BKofiOc5wtlZ2di8HDIkhRTY.woff2,font
2026-05-19T09:13:23.129Z,GET,https://fonts.gstatic.com/s/nunito/v32/XRXI3I6Li01BKofiOc5wtlZ2di8HDGUmRTY.woff2,font
2026-05-19T09:13:23.129Z,GET,https://fonts.gstatic.com/s/nunito/v32/XRXI3I6Li01BKofiOc5wtlZ2di8HDDsmRTY.woff2,font
2026-05-19T09:13:23.133Z,GET,https://fonts.gstatic.com/s/nunito/v32/XRXI3I6Li01BKofiOc5wtlZ2di8HDBImRTY.woff2,font
2026-05-19T09:13:23.133Z,GET,https://fonts.gstatic.com/s/nunito/v32/XRXK3I6Li01BKofIMPyPbj8d7IEAGXNiLXA3jw.woff2,font
2026-05-19T09:13:23.134Z,GET,https://fonts.gstatic.com/s/nunito/v32/XRXK3I6Li01BKofIMPyPbj8d7IEAGXNi83A3jw.woff2,font
2026-05-19T09:13:23.163Z,GET,https://fonts.gstatic.com/s/nunito/v32/XRXK3I6Li01BKofIMPyPbj8d7IEAGXNin3A3jw.woff2,font
2026-05-19T09:13:23.164Z,GET,https://fonts.gstatic.com/s/nunito/v32/XRXK3I6Li01BKofIMPyPbj8d7IEAGXNic3c3jw.woff2,font
2026-05-19T09:13:23.165Z,GET,https://fonts.gstatic.com/s/nunito/v32/XRXK3I6Li01BKofIMPyPbj8d7IEAGXNiLXc3jw.woff2,font
2026-05-19T09:13:23.165Z,GET,https://fonts.gstatic.com/s/nunito/v32/XRXK3I6Li01BKofIMPyPbj8d7IEAGXNiBHc3jw.woff2,font
2026-05-19T09:13:23.166Z,GET,https://fonts.gstatic.com/s/oswald/v57/TK3_WkUHHAIjg75cFRf3bXL8LICs13FvgUQ.woff2,font
2026-05-19T09:13:23.166Z,GET,https://fonts.gstatic.com/s/oswald/v57/TK3_WkUHHAIjg75cFRf3bXL8LICs169vgUQ.woff2,font
2026-05-19T09:13:23.167Z,GET,https://fonts.gstatic.com/s/oswald/v57/TK3_WkUHHAIjg75cFRf3bXL8LICs18NvgUQ.woff2,font
2026-05-19T09:13:23.167Z,GET,https://fonts.gstatic.com/s/oswald/v57/TK3_WkUHHAIjg75cFRf3bXL8LICs1y9ogUQ.woff2,font
2026-05-19T09:13:23.205Z,GET,https://fonts.gstatic.com/s/playfairdisplay/v40/nuFvD-vYSZviVYUb_rj3ij__anPXJzDwcbmjWBN2PKd3vUDV.woff2,font
2026-05-19T09:13:23.208Z,GET,https://fonts.gstatic.com/s/playfairdisplay/v40/nuFvD-vYSZviVYUb_rj3ij__anPXJzDwcbmjWBN2PKebukDV.woff2,font
2026-05-19T09:13:23.208Z,GET,https://fonts.gstatic.com/s/playfairdisplay/v40/nuFvD-vYSZviVYUb_rj3ij__anPXJzDwcbmjWBN2PKfFukDV.woff2,font
2026-05-19T09:13:23.208Z,GET,https://fonts.gstatic.com/s/playfairdisplay/v40/nuFvD-vYSZviVYUb_rj3ij__anPXJzDwcbmjWBN2PKfsukDV.woff2,font
2026-05-19T09:13:23.208Z,GET,https://fonts.gstatic.com/s/playfairdisplay/v40/nuFRD-vYSZviVYUb_rj3ij__anPXDTnCjmHKM4nYO7KN_pqTbtM.woff2,font
2026-05-19T09:13:23.208Z,GET,https://fonts.gstatic.com/s/playfairdisplay/v40/nuFRD-vYSZviVYUb_rj3ij__anPXDTnCjmHKM4nYO7KN_naUbtM.woff2,font
2026-05-19T09:13:23.208Z,GET,https://fonts.gstatic.com/s/playfairdisplay/v40/nuFRD-vYSZviVYUb_rj3ij__anPXDTnCjmHKM4nYO7KN_iiUbtM.woff2,font
2026-05-19T09:13:23.209Z,GET,https://fonts.gstatic.com/s/playfairdisplay/v40/nuFRD-vYSZviVYUb_rj3ij__anPXDTnCjmHKM4nYO7KN_gGUbtM.woff2,font
2026-05-19T09:13:23.209Z,GET,https://fonts.gstatic.com/s/roboto/v51/KFOMCnqEu92Fr1ME7kSn66aGLdTylUAMQXC89YmC2DPNWubEbGmW.woff2,font
2026-05-19T09:13:23.243Z,GET,https://fonts.gstatic.com/s/roboto/v51/KFOMCnqEu92Fr1ME7kSn66aGLdTylUAMQXC89YmC2DPNWuZEbWmW.woff2,font
2026-05-19T09:13:23.244Z,GET,https://fonts.gstatic.com/s/roboto/v51/KFOMCnqEu92Fr1ME7kSn66aGLdTylUAMQXC89YmC2DPNWuaabWmW.woff2,font
2026-05-19T09:13:23.244Z,GET,https://fonts.gstatic.com/s/roboto/v51/KFOMCnqEu92Fr1ME7kSn66aGLdTylUAMQXC89YmC2DPNWub2bWmW.woff2,font
2026-05-19T09:13:23.244Z,GET,https://fonts.gstatic.com/s/roboto/v51/KFOMCnqEu92Fr1ME7kSn66aGLdTylUAMQXC89YmC2DPNWuYaammW.woff2,font
2026-05-19T09:13:23.244Z,GET,https://fonts.gstatic.com/s/roboto/v51/KFOMCnqEu92Fr1ME7kSn66aGLdTylUAMQXC89YmC2DPNWuZEammW.woff2,font
2026-05-19T09:13:23.244Z,GET,https://fonts.gstatic.com/s/roboto/v51/KFOMCnqEu92Fr1ME7kSn66aGLdTylUAMQXC89YmC2DPNWuZtammW.woff2,font
2026-05-19T09:13:23.245Z,GET,https://fonts.gstatic.com/s/roboto/v51/KFOKCnqEu92Fr1Mu53ZEC9_Vu3r1gIhOszmOClHrs6ljXfMMLoHRiAo.woff2,font
2026-05-19T09:13:23.271Z,POST,https://sites.google.com/u/0/d/1NjuZKIVbHZ1Eu10zCTi2JtvM0kjkKf2N/editactions/buildembedurl?token=AHL0AtJSh7U3w0imTXuMb4m9QKL9eiihjQ%3A1779181999544&authuser=0&nded=false,xhr
2026-05-19T09:13:23.271Z,GET,https://fonts.gstatic.com/s/roboto/v51/KFOKCnqEu92Fr1Mu53ZEC9_Vu3r1gIhOszmOClHrs6ljXfMMLgHQiAo.woff2,font
2026-05-19T09:13:23.271Z,GET,https://fonts.gstatic.com/s/roboto/v51/KFOKCnqEu92Fr1Mu53ZEC9_Vu3r1gIhOszmOClHrs6ljXfMMLt_QiAo.woff2,font
2026-05-19T09:13:23.272Z,GET,https://fonts.gstatic.com/s/roboto/v51/KFOKCnqEu92Fr1Mu53ZEC9_Vu3r1gIhOszmOClHrs6ljXfMMLrPQiAo.woff2,font
2026-05-19T09:13:23.275Z,GET,https://fonts.gstatic.com/s/roboto/v51/KFOKCnqEu92Fr1Mu53ZEC9_Vu3r1gIhOszmOClHrs6ljXfMMLl_XiAo.woff2,font
2026-05-19T09:13:23.276Z,GET,https://fonts.gstatic.com/s/roboto/v51/KFOKCnqEu92Fr1Mu53ZEC9_Vu3r1gIhOszmOClHrs6ljXfMMLgHXiAo.woff2,font
2026-05-19T09:13:23.276Z,GET,https://fonts.gstatic.com/s/roboto/v51/KFOKCnqEu92Fr1Mu53ZEC9_Vu3r1gIhOszmOClHrs6ljXfMMLijXiAo.woff2,font
2026-05-19T09:13:23.276Z,GET,https://fonts.gstatic.com/s/robotomono/v31/L0xuDF4xlVMF-BfR8bXMIhJHg45mwgGEFl0_3vuPRg.woff2,font
2026-05-19T09:13:23.276Z,GET,https://fonts.gstatic.com/s/robotomono/v31/L0xuDF4xlVMF-BfR8bXMIhJHg45mwgGEFl0_XvqPRg.woff2,font
2026-05-19T09:13:23.279Z,POST,https://sites.google.com/u/0/d/1NjuZKIVbHZ1Eu10zCTi2JtvM0kjkKf2N/bind?id=1NjuZKIVbHZ1Eu10zCTi2JtvM0kjkKf2N&sid=5730572fc021f33b&token=AHL0AtJSh7U3w0imTXuMb4m9QKL9eiihjQ%3A1779181999544&authuser=0&nded=false&VER=8&lsq=-1&u=08309635880110475942&w=1&flr=0&gsi=0&smv=NaN&cimpl=0&RID=35340&CVER=1&zx=7bies33dlsqq&t=1,xhr
2026-05-19T09:13:23.279Z,GET,https://fonts.gstatic.com/s/robotomono/v31/L0xuDF4xlVMF-BfR8bXMIhJHg45mwgGEFl0_gPqPRg.woff2,font
2026-05-19T09:13:23.332Z,GET,https://fonts.gstatic.com/s/robotomono/v31/L0xuDF4xlVMF-BfR8bXMIhJHg45mwgGEFl0_7PqPRg.woff2,font
2026-05-19T09:13:23.334Z,GET,https://fonts.gstatic.com/s/robotomono/v31/L0xuDF4xlVMF-BfR8bXMIhJHg45mwgGEFl0_AP2PRg.woff2,font
2026-05-19T09:13:23.334Z,GET,https://fonts.gstatic.com/s/robotomono/v31/L0xoDF4xlVMF-BfR8bXMIjhOsXG-q2oeuFoqFrlnAeW4.woff2,font
2026-05-19T09:13:23.335Z,GET,https://fonts.gstatic.com/s/robotomono/v31/L0xoDF4xlVMF-BfR8bXMIjhOsXG-q2oeuFoqFrnnAOW4.woff2,font
2026-05-19T09:13:23.335Z,GET,https://fonts.gstatic.com/s/robotomono/v31/L0xoDF4xlVMF-BfR8bXMIjhOsXG-q2oeuFoqFrk5AOW4.woff2,font
2026-05-19T09:13:23.335Z,GET,https://fonts.gstatic.com/s/robotomono/v31/L0xoDF4xlVMF-BfR8bXMIjhOsXG-q2oeuFoqFrlVAOW4.woff2,font
2026-05-19T09:13:23.335Z,GET,https://fonts.gstatic.com/s/robotomono/v31/L0xoDF4xlVMF-BfR8bXMIjhOsXG-q2oeuFoqFrm5B-W4.woff2,font
2026-05-19T09:13:23.335Z,GET,https://fonts.gstatic.com/s/robotoserif/v17/R71RjywflP6FLr3gZx7K8UyuXDs9zVwDmXCb8lxYgmuii32UGoVldX6UgfjL4-3sMM_kB_qXSEXTJQCFLH5-_bcEliosp6I.woff2,font
2026-05-19T09:13:23.335Z,GET,https://fonts.gstatic.com/s/robotoserif/v17/R71RjywflP6FLr3gZx7K8UyuXDs9zVwDmXCb8lxYgmuii32UGoVldX6UgfjL4-3sMM_kB_qXSEXTJQCFLH5-_bcElqotp6I.woff2,font
2026-05-19T09:13:23.335Z,GET,https://fonts.gstatic.com/s/robotoserif/v17/R71RjywflP6FLr3gZx7K8UyuXDs9zVwDmXCb8lxYgmuii32UGoVldX6UgfjL4-3sMM_kB_qXSEXTJQCFLH5-_bcElnQtp6I.woff2,font
2026-05-19T09:13:23.343Z,GET,https://fonts.gstatic.com/s/robotoserif/v17/R71RjywflP6FLr3gZx7K8UyuXDs9zVwDmXCb8lxYgmuii32UGoVldX6UgfjL4-3sMM_kB_qXSEXTJQCFLH5-_bcElhgtp6I.woff2,font
2026-05-19T09:13:23.344Z,GET,https://fonts.gstatic.com/s/robotoserif/v17/R71RjywflP6FLr3gZx7K8UyuXDs9zVwDmXCb8lxYgmuii32UGoVldX6UgfjL4-3sMM_kB_qXSEXTJQCFLH5-_bcElvQqp6I.woff2,font
2026-05-19T09:13:23.344Z,GET,https://fonts.gstatic.com/s/robotoserif/v17/R71RjywflP6FLr3gZx7K8UyuXDs9zVwDmXCb8lxYgmuii32UGoVldX6UgfjL4-3sMM_kB_qXSEXTJQCFLH5-_bcElqoqp6I.woff2,font
2026-05-19T09:13:23.345Z,GET,https://fonts.gstatic.com/s/robotoserif/v17/R71RjywflP6FLr3gZx7K8UyuXDs9zVwDmXCb8lxYgmuii32UGoVldX6UgfjL4-3sMM_kB_qXSEXTJQCFLH5-_bcEloMqp6I.woff2,font
2026-05-19T09:13:23.367Z,GET,https://fonts.gstatic.com/s/robotoserif/v17/R71XjywflP6FLr3gZx7K8UyEVQnyR1E7VN-f51xYuGCQepOvB0KLc2v0wKKB0Q4MSZxyqf2CgAchbDJ69BcVZxkDg-JuT-V8AA.woff2,font
2026-05-19T09:13:23.367Z,GET,https://fonts.gstatic.com/s/robotoserif/v17/R71XjywflP6FLr3gZx7K8UyEVQnyR1E7VN-f51xYuGCQepOvB0KLc2v0wKKB0Q4MSZxyqf2CgAchbDJ69BcVZxkDg-Juz-R8AA.woff2,font
2026-05-19T09:13:23.367Z,GET,https://fonts.gstatic.com/s/robotoserif/v17/R71XjywflP6FLr3gZx7K8UyEVQnyR1E7VN-f51xYuGCQepOvB0KLc2v0wKKB0Q4MSZxyqf2CgAchbDJ69BcVZxkDg-JuEeR8AA.woff2,font
2026-05-19T09:13:23.400Z,GET,https://fonts.gstatic.com/s/robotoserif/v17/R71XjywflP6FLr3gZx7K8UyEVQnyR1E7VN-f51xYuGCQepOvB0KLc2v0wKKB0Q4MSZxyqf2CgAchbDJ69BcVZxkDg-JufeR8AA.woff2,font
2026-05-19T09:13:23.401Z,GET,https://fonts.gstatic.com/s/robotoserif/v17/R71XjywflP6FLr3gZx7K8UyEVQnyR1E7VN-f51xYuGCQepOvB0KLc2v0wKKB0Q4MSZxyqf2CgAchbDJ69BcVZxkDg-JukeN8AA.woff2,font
2026-05-19T09:13:23.401Z,GET,https://fonts.gstatic.com/s/robotoserif/v17/R71XjywflP6FLr3gZx7K8UyEVQnyR1E7VN-f51xYuGCQepOvB0KLc2v0wKKB0Q4MSZxyqf2CgAchbDJ69BcVZxkDg-Juz-N8AA.woff2,font
2026-05-19T09:13:23.403Z,GET,https://fonts.gstatic.com/s/robotoserif/v17/R71XjywflP6FLr3gZx7K8UyEVQnyR1E7VN-f51xYuGCQepOvB0KLc2v0wKKB0Q4MSZxyqf2CgAchbDJ69BcVZxkDg-Ju5uN8AA.woff2,font
2026-05-19T09:13:23.404Z,GET,https://fonts.gstatic.com/s/spectral/v15/rnCs-xNNww_2s0amA9v2s13D.woff2,font
2026-05-19T09:13:23.404Z,GET,https://fonts.gstatic.com/s/spectral/v15/rnCu-xNNww_2s0amA9M8qrXHafY.woff2,font
2026-05-19T09:13:23.409Z,GET,https://fonts.gstatic.com/s/spectral/v15/rnCs-xNNww_2s0amA9uSsF3D.woff2,font
2026-05-19T09:13:23.412Z,GET,https://fonts.gstatic.com/s/spectral/v15/rnCu-xNNww_2s0amA9M8qtHEafY.woff2,font
2026-05-19T09:13:23.413Z,GET,"https://www.gstatic.com/_/atari/_/js/k=atari.ed.en.GSOzXGrC-mw.O/am=CCDAAcA/d=0/rs=AGEqA5n28l8xPqKGPG90UOjPIEdu5U9UQA/m=W26a5e,zZvHmd,vHvPsd,TBhWkf",script
2026-05-19T09:13:23.448Z,GET,https://fonts.gstatic.com/s/spectral/v15/rnCs-xNNww_2s0amA9vKsV3D.woff2,font
2026-05-19T09:13:23.450Z,GET,https://fonts.gstatic.com/s/spectral/v15/rnCu-xNNww_2s0amA9M8qonFafY.woff2,font
2026-05-19T09:13:23.450Z,GET,https://fonts.gstatic.com/s/spectral/v15/rnCs-xNNww_2s0amA9vmtl3D.woff2,font
2026-05-19T09:13:23.451Z,GET,https://fonts.gstatic.com/s/spectral/v15/rnCu-xNNww_2s0amA9M8qqXCafY.woff2,font
2026-05-19T09:13:23.453Z,GET,https://fonts.gstatic.com/s/spectral/v15/rnCs-xNNww_2s0amA9uetF3D.woff2,font
2026-05-19T09:13:23.454Z,GET,https://fonts.gstatic.com/s/spectral/v15/rnCu-xNNww_2s0amA9M8qt3AafY.woff2,font
2026-05-19T09:13:23.503Z,GET,https://www.gstatic.com/atari/embeds/83a60601c213b72fb19c1855fb0c5f26/intermediate-frame-minified.html?jsh=m%3B%2F_%2Fscs%2Fabc-static%2F_%2Fjs%2Fk%3Dgapi.lb.en.ch0Jz-JlMrQ.O%2Fd%3D1%2Frs%3DAHpOoo_YD4KoV8fTh_kLhktsiThAm3yJ5A%2Fm%3D__features__&r=287714346,document
2026-05-19T09:13:23.656Z,GET,https://apis.google.com/js/api.js?checkCookie=1,script
2026-05-19T09:13:23.657Z,GET,"https://apis.google.com/_/scs/abc-static/_/js/k=gapi.lb.en.ch0Jz-JlMrQ.O/m=gapi_rpc/rt=j/sv=1/d=1/ed=1/rs=AHpOoo_YD4KoV8fTh_kLhktsiThAm3yJ5A/cb=gapi.loaded_0?le=scs,fedcm_migration_mod",script
2026-05-19T09:13:23.682Z,POST,https://play.google.com/log?format=json&hasfast=true&authuser=0,xhr
2026-05-19T09:13:23.691Z,GET,https://accounts.google.com/RotateCookiesPage?og_pid=402&rot=3&origin=https%3A%2F%2Fsites.google.com&exp_id=0,document
2026-05-19T09:13:24.542Z,GET,https://sites.google.com/d/1mgU_62TMyFa0NbrGUp0PJnCNLpUnU7NQ/edit,document
2026-05-19T09:13:25.106Z,GET,https://sites.google.com/u/0/d/1mgU_62TMyFa0NbrGUp0PJnCNLpUnU7NQ/preview,document
2026-05-19T09:13:25.171Z,GET,https://www.google.com/images/errors/robot.png,image
2026-05-19T09:13:25.212Z,GET,https://www.google.com/images/branding/googlelogo/1x/googlelogo_color_150x54dp.png,image
2026-05-19T09:13:25.913Z,GET,https://sites.google.com/d/1gYoSaEOs_JYhx1rYWJ-3NcqScLVvFt3u/edit,document
2026-05-19T09:13:26.423Z,GET,https://sites.google.com/u/0/d/1gYoSaEOs_JYhx1rYWJ-3NcqScLVvFt3u/preview,document
2026-05-19T09:13:26.447Z,GET,https://www.google.com/images/errors/robot.png,image
2026-05-19T09:13:26.448Z,GET,https://www.google.com/images/branding/googlelogo/1x/googlelogo_color_150x54dp.png,image
